post_id,post_id_source,slug,title,canonical_file,ukmla_categories,published,shortcode_ready,review_status,current_file_status,next_action,legacy_post_slug,notes
,,is-ukmla-abnormal-blood-film,Abnormal blood film,is-ukmla-abnormal-blood-film.html,Blood and lymph,no,no,not-started,no-final-file-yet,create-new,,
,,is-ukmla-abscess,Abscess,is-ukmla-abscess.html,Infections,no,no,not-started,legacy-source-only,defer,,
,,is-ukmla-acid-base-abnormality,Acid-base abnormality,is-ukmla-acid-base-abnormality.html,Kidneys and urinary tract,no,no,not-started,no-final-file-yet,create-new,,
,,is-ukmla-acne-vulgaris,Acne vulgaris,is-ukmla-acne-vulgaris.html,Skin and soft tissue,no,no,not-started,no-final-file-yet,create-new,,
,,is-ukmla-acromegaly,Acromegaly,is-ukmla-acromegaly.html,Endocrine and metabolic,no,no,not-started,no-final-file-yet,create-new,,
,,is-ukmla-acute-bronchitis,Acute bronchitis,is-ukmla-acute-bronchitis.html,"Lungs, pleura and airways",no,no,drafted,canonical-final-exists,refresh-existing,,
,,is-ukmla-acute-cholangitis,Acute cholangitis,is-ukmla-acute-cholangitis.html,"Liver, pancreas, biliary system",no,no,not-started,no-final-file-yet,create-new,,
1312,pilot-manifest,is-ukmla-acute-coronary-syndromes,Acute coronary syndromes,1312-is-ukmla-acute-coronary-syndromes.html,Heart and vasculature,pending-transfer,yes,clinician-review-needed,canonical-final-exists,refresh-existing,,
230,wordpress-export-slug,is-ukmla-acute-glaucoma,Acute glaucoma,230-is-ukmla-acute-glaucoma.html,Eye,yes,yes,not-started,legacy-source-only,refresh-existing,is-acute-glaucoma,
,,is-ukmla-acute-kidney-injury,Acute kidney injury,is-ukmla-acute-kidney-injury.html,Kidneys and urinary tract,no,no,not-started,no-final-file-yet,create-new,,
482,wordpress-export-slug,is-ukmla-acute-pancreatitis,Acute pancreatitis,482-is-ukmla-acute-pancreatitis.html,"Liver, pancreas, biliary system",yes,yes,not-started,legacy-source-only,refresh-existing,is-acute-pancreatitis,
790,wordpress-export-legacy-slug,is-ukmla-acute-respiratory-distress-syndrome-ards,Acute respiratory distress syndrome (ARDS),790-is-ukmla-acute-respiratory-distress-syndrome-ards.html,"Lungs, pleura and airways",yes,yes,not-started,legacy-source-only,defer,is-neonatal-respiratory-distress-syndrome,
,,is-ukmla-acute-stress-reaction,Acute stress reaction,is-ukmla-acute-stress-reaction.html,Mental health,no,no,not-started,no-final-file-yet,create-new,,
,,is-ukmla-adrenal-insufficiency-including-primary-and-secondary,Adrenal insufficiency (including primary and secondary),is-ukmla-adrenal-insufficiency-including-primary-and-secondary.html,Endocrine and metabolic,no,no,not-started,no-final-file-yet,create-new,,
,,is-ukmla-adverse-drug-effects,Adverse drug effects,is-ukmla-adverse-drug-effects.html,Drugs and drug effects,no,no,drafted,canonical-final-exists,refresh-existing,,
,,is-ukmla-airway-compromise-management,Airway compromise/ management,is-ukmla-airway-compromise-management.html,"Ear, nose and throat",no,no,not-started,no-final-file-yet,create-new,,
512,wordpress-export-legacy-slug,is-ukmla-alcohol-related-liver-disease,Alcohol related liver disease,512-is-ukmla-alcohol-related-liver-disease.html,"Liver, pancreas, biliary system",yes,yes,not-started,legacy-source-only,refresh-existing,is-alcoholic-liver-disease,
,,is-ukmla-alcohol-withdrawal-and-opioid-withdrawal,Alcohol withdrawal and opioid withdrawal,is-ukmla-alcohol-withdrawal-and-opioid-withdrawal.html,Mental health,no,no,not-started,no-final-file-yet,create-new,,
,,is-ukmla-allergic-disorder-including-food-allergy,Allergic disorder (including food allergy),is-ukmla-allergic-disorder-including-food-allergy.html,Multi-system diseases,no,no,not-started,no-final-file-yet,create-new,,
116,wordpress-export-title+slug,is-ukmla-anaemia,Anaemia,116-is-ukmla-anaemia.html,Blood and lymph,yes,yes,not-started,legacy-source-only,cluster-resolution-first,is-anaemia,
455,wordpress-export-slug,is-ukmla-anal-fissure,Anal fissure,455-is-ukmla-anal-fissure.html,Gastrointestinal tract,yes,yes,not-started,legacy-source-only,refresh-existing,is-anal-fissure,
136,wordpress-export-slug,is-ukmla-anaphylaxis,Anaphylaxis,136-is-ukmla-anaphylaxis.html,Multi-system diseases,yes,yes,not-started,legacy-source-only,refresh-existing,is-anaphylaxis,
,,is-ukmla-aneurysms-ischaemic-limb-and-occlusions,"Aneurysms, ischaemic limb and occlusions",is-ukmla-aneurysms-ischaemic-limb-and-occlusions.html,Heart and vasculature,no,no,not-started,no-final-file-yet,create-new,,
,,is-ukmla-antepartum-haemorrhage,Antepartum haemorrhage,is-ukmla-antepartum-haemorrhage.html,Pregnancy and the puerperium,no,no,not-started,no-final-file-yet,create-new,,
1313,pilot-manifest,is-ukmla-aortic-aneurysm,Aortic aneurysm,1313-is-ukmla-aortic-aneurysm.html,Heart and vasculature,pending-transfer,yes,drafted,canonical-final-exists,refresh-existing,,
1314,pilot-manifest,is-ukmla-aortic-dissection,Aortic dissection,1314-is-ukmla-aortic-dissection.html,Heart and vasculature,pending-transfer,yes,drafted,canonical-final-exists,refresh-existing,,
,,is-ukmla-aortic-valve-disease,Aortic valve disease,is-ukmla-aortic-valve-disease.html,Heart and vasculature,no,no,not-started,no-final-file-yet,create-new,,
530,wordpress-export-slug,is-ukmla-appendicitis,Appendicitis,530-is-ukmla-appendicitis.html,Gastrointestinal tract,yes,yes,not-started,legacy-source-only,cluster-resolution-first,is-appendicitis,
,,is-ukmla-arginine-vasopressin-deficiency-resistance-diabetes-insipidus,Arginine vasopressin deficiency/ resistance (diabetes insipidus),is-ukmla-arginine-vasopressin-deficiency-resistance-diabetes-insipidus.html,Endocrine and metabolic,no,no,not-started,no-final-file-yet,create-new,,
1315,pilot-manifest,is-ukmla-arterial-thrombosis-embolism,Arterial thrombosis/ embolism,1315-is-ukmla-arterial-thrombosis-embolism.html,Heart and vasculature,pending-transfer,yes,drafted,canonical-final-exists,refresh-existing,,
423,wordpress-export-slug,is-ukmla-ascites-including-spontaneous-bacterial-peritonitis,Ascites (including spontaneous bacterial peritonitis),423-is-ukmla-ascites-including-spontaneous-bacterial-peritonitis.html,"Liver, pancreas, biliary system",yes,yes,not-started,no-final-file-yet,create-new,is-ascites,
,,is-ukmla-asthma-chronic-obstructive-pulmonary-disease-copd-overlap,Asthma-chronic obstructive pulmonary disease (COPD) overlap,is-ukmla-asthma-chronic-obstructive-pulmonary-disease-copd-overlap.html,"Lungs, pleura and airways",no,no,not-started,no-final-file-yet,create-new,,
132,wordpress-export-slug,is-ukmla-asthma,Asthma,132-is-ukmla-asthma.html,"Lungs, pleura and airways",yes,yes,clinician-review-needed,canonical-final-exists,replace-live-now,is-asthma,
540,wordpress-export-legacy-slug,is-ukmla-atopic-dermatitis-eczema,Atopic dermatitis/ eczema,540-is-ukmla-atopic-dermatitis-eczema.html,Skin and soft tissue,yes,yes,not-started,legacy-source-only,refresh-existing,is-atopic-dermatitis,
,,is-ukmla-attention-deficit-hyperactivity-disorder-adhd,Attention deficit hyperactivity disorder (ADHD),is-ukmla-attention-deficit-hyperactivity-disorder-adhd.html,Mental health,no,no,not-started,no-final-file-yet,create-new,,
,,is-ukmla-autism-spectrum-disorder-asd,Autism spectrum disorder (ASD),is-ukmla-autism-spectrum-disorder-asd.html,Mental health,no,no,not-started,no-final-file-yet,create-new,,
130,wordpress-export-slug,is-ukmla-autonomic-neuropathy,Autonomic neuropathy,130-is-ukmla-autonomic-neuropathy.html,Peripheral nervous system and neuromuscular junction,yes,yes,not-started,legacy-source-only,cluster-resolution-first,is-autonomic-neuropathy,
,,is-ukmla-bacterial-vaginosis,Bacterial vaginosis,is-ukmla-bacterial-vaginosis.html,Gynaecological tract,no,no,not-started,no-final-file-yet,create-new,,
224,wordpress-export-legacy-slug,is-ukmla-bell-palsy,Bell palsy,224-is-ukmla-bell-palsy.html,Peripheral nervous system and neuromuscular junction,yes,yes,not-started,legacy-source-only,refresh-existing,is-bells-palsy,
,,is-ukmla-benign-eyelid-disorders-including-blepharitis-ectropion-entropion-chalazion-hordeolum,"Benign eyelid disorders (including blepharitis, ectropion/ entropion, chalazion, hordeolum)",is-ukmla-benign-eyelid-disorders-including-blepharitis-ectropion-entropion-chalazion-hordeolum.html,Eye,no,no,not-started,no-final-file-yet,create-new,,
110,wordpress-export-slug,is-ukmla-benign-paroxysmal-positional-vertigo-bppv,Benign paroxysmal positional vertigo (BPPV),110-is-ukmla-benign-paroxysmal-positional-vertigo-bppv.html,"Ear, nose and throat",yes,yes,not-started,legacy-source-only,refresh-existing,is-bppv,
702,wordpress-export-legacy-slug,is-ukmla-benign-prostatic-hyperplasia,Benign prostatic hyperplasia,702-is-ukmla-benign-prostatic-hyperplasia.html,Male genitourinary tract,yes,yes,not-started,legacy-source-only,refresh-existing,is-benign-prostatic-hypertrophy,
,,is-ukmla-benign-skin-lesion-including-melanocytic-naevi-epidermal-cyst-dermatofibroma-seborrheic-keratosis-actinic-keratosis,"Benign skin lesion (including melanocytic naevi, epidermal cyst, dermatofibroma, seborrheic keratosis, actinic keratosis)",is-ukmla-benign-skin-lesion-including-melanocytic-naevi-epidermal-cyst-dermatofibroma-seborrheic-keratosis-actinic-keratosis.html,Skin and soft tissue,no,no,not-started,no-final-file-yet,create-new,,
,,is-ukmla-biliary-atresia,Biliary atresia,is-ukmla-biliary-atresia.html,Child health,no,no,not-started,no-final-file-yet,create-new,,
,,is-ukmla-bipolar-affective-disorder-including-mania-hypomania,Bipolar affective disorder (including mania/ hypomania),is-ukmla-bipolar-affective-disorder-including-mania-hypomania.html,Mental health,no,no,not-started,no-final-file-yet,create-new,,
590,wordpress-export-slug,is-ukmla-bladder-cancer,Bladder cancer,590-is-ukmla-bladder-cancer.html,Kidneys and urinary tract,yes,yes,not-started,legacy-source-only,refresh-existing,is-bladder-cancer,
,,is-ukmla-blood-group-incompatibility-in-pregnancy,Blood group incompatibility in pregnancy,is-ukmla-blood-group-incompatibility-in-pregnancy.html,Pregnancy and the puerperium,no,no,not-started,no-final-file-yet,create-new,,
632,wordpress-export-slug,is-ukmla-bone-tumours-primary-and-secondary-including-osteosarcoma-ewing-sarcoma,"Bone tumours (primary and secondary including osteosarcoma, Ewing sarcoma)",632-is-ukmla-bone-tumours-primary-and-secondary-including-osteosarcoma-ewing-sarcoma.html,Musculoskeletal,yes,yes,not-started,no-final-file-yet,create-new,is-bone-tumours,
202,wordpress-export-legacy-slug,is-ukmla-bradyarrhythmias-including-av-block,Bradyarrhythmias (including AV block),202-is-ukmla-bradyarrhythmias-including-av-block.html,Heart and vasculature,yes,yes,not-started,legacy-source-only,refresh-existing,is-av-block,
243,wordpress-export-slug,is-ukmla-brain-abscess,Brain abscess,243-is-ukmla-brain-abscess.html,Brain and spinal cord,yes,yes,not-started,legacy-source-only,refresh-existing,is-brain-abscess,
242,wordpress-export-legacy-slug,is-ukmla-brain-tumours-primary-and-secondary,Brain tumours (primary and secondary),242-is-ukmla-brain-tumours-primary-and-secondary.html,Brain and spinal cord,yes,yes,not-started,legacy-source-only,refresh-existing,is-brain-tumour,
,,is-ukmla-breast-abscess-mastitis,Breast abscess/ mastitis,is-ukmla-breast-abscess-mastitis.html,Breast,no,no,not-started,no-final-file-yet,create-new,,
577,wordpress-export-slug,is-ukmla-breast-cancer,Breast cancer,577-is-ukmla-breast-cancer.html,Breast,yes,yes,not-started,legacy-source-only,refresh-existing,is-breast-cancer,
,,is-ukmla-breast-cysts,Breast cysts,is-ukmla-breast-cysts.html,Breast,no,no,not-started,no-final-file-yet,create-new,,
692,wordpress-export-slug,is-ukmla-bronchiectasis,Bronchiectasis,692-is-ukmla-bronchiectasis.html,"Lungs, pleura and airways",yes,yes,not-started,legacy-source-only,refresh-existing,is-bronchiectasis,
672,wordpress-export-slug,is-ukmla-bronchiolitis,Bronchiolitis,672-is-ukmla-bronchiolitis.html,Child health,yes,yes,not-started,legacy-source-only,refresh-existing,is-bronchiolitis,
,,is-ukmla-bronchopulmonary-dysplasia-chronic-lung-disease-of-prematurity,Bronchopulmonary dysplasia (chronic lung disease of prematurity),is-ukmla-bronchopulmonary-dysplasia-chronic-lung-disease-of-prematurity.html,Child health,no,no,not-started,no-final-file-yet,create-new,,
,,is-ukmla-burns,Burns,is-ukmla-burns.html,Skin and soft tissue,no,no,not-started,no-final-file-yet,create-new,,
768,wordpress-export-slug,is-ukmla-bursitis,Bursitis,768-is-ukmla-bursitis.html,Musculoskeletal,yes,yes,not-started,legacy-source-only,cluster-resolution-first,is-bursitis,
77,wordpress-export-legacy-slug,is-ukmla-candidiasis,Candidiasis,77-is-ukmla-candidiasis.html,Infections,yes,yes,not-started,legacy-source-only,refresh-existing,is-oral-candidiasis,
,,is-ukmla-carbon-monoxide-poisoning,Carbon monoxide poisoning,is-ukmla-carbon-monoxide-poisoning.html,Multi-system diseases,no,no,not-started,no-final-file-yet,create-new,,
,,is-ukmla-cardiac-arrest,Cardiac arrest,is-ukmla-cardiac-arrest.html,Heart and vasculature,no,no,not-started,no-final-file-yet,create-new,,
1316,pilot-manifest,is-ukmla-cardiomyopathy,Cardiomyopathy,1316-is-ukmla-cardiomyopathy.html,Heart and vasculature,pending-transfer,yes,drafted,canonical-final-exists,refresh-existing,,
,,is-ukmla-carotid-dissection,Carotid dissection,is-ukmla-carotid-dissection.html,Heart and vasculature,no,no,not-started,no-final-file-yet,create-new,,
794,wordpress-export-legacy-slug,is-ukmla-cataracts,Cataracts,794-is-ukmla-cataracts.html,Eye,yes,yes,not-started,legacy-source-only,refresh-existing,is-cataract,
631,wordpress-export-slug,is-ukmla-cauda-equina-syndrome,Cauda equina syndrome,631-is-ukmla-cauda-equina-syndrome.html,Musculoskeletal,yes,yes,not-started,legacy-source-only,refresh-existing,is-cauda-equina-syndrome,
173,wordpress-export-slug,is-ukmla-cellulitis,Cellulitis,173-is-ukmla-cellulitis.html,Skin and soft tissue,yes,yes,not-started,legacy-source-only,cluster-resolution-first,is-cellulitis,
,,is-ukmla-central-retinal-arterial-occlusion,Central retinal arterial occlusion,is-ukmla-central-retinal-arterial-occlusion.html,Eye,no,no,not-started,no-final-file-yet,create-new,,
803,wordpress-export-legacy-slug,is-ukmla-central-retinal-vein-occlusion,Central retinal vein occlusion,803-is-ukmla-central-retinal-vein-occlusion.html,Eye,yes,yes,not-started,legacy-source-only,refresh-existing,is-retinal-vein-occlusion,
,,is-ukmla-cerebral-palsy-and-hypoxic-ischaemic-encephalopathy,Cerebral palsy and hypoxic-ischaemic encephalopathy,is-ukmla-cerebral-palsy-and-hypoxic-ischaemic-encephalopathy.html,Brain and spinal cord,no,no,not-started,no-final-file-yet,create-new,,
536,wordpress-export-slug,is-ukmla-cervical-cancer,Cervical cancer,536-is-ukmla-cervical-cancer.html,Gynaecological tract,yes,yes,not-started,legacy-source-only,refresh-existing,is-cervical-cancer,
866,wordpress-export-slug,is-ukmla-cervical-ectropion,Cervical ectropion,866-is-ukmla-cervical-ectropion.html,Gynaecological tract,yes,yes,not-started,legacy-source-only,refresh-existing,is-cervical-ectropion,
,,is-ukmla-cervical-screening-human-papilloma-virus,Cervical screening (human papilloma virus),is-ukmla-cervical-screening-human-papilloma-virus.html,Gynaecological tract,no,no,not-started,no-final-file-yet,create-new,,
,,is-ukmla-childhood-cancer-including-retinoblastoma,Childhood cancer (including retinoblastoma),is-ukmla-childhood-cancer-including-retinoblastoma.html,Child health,no,no,not-started,no-final-file-yet,create-new,,
659,wordpress-export-legacy-slug,is-ukmla-childhood-hip-leg-disorders-including-perthes-disease-slipped-upper-femoral-epiphyses-developmental-dysplasia-of-the-hip,"Childhood hip/ leg disorders (including Perthes disease, slipped upper femoral epiphyses, developmental dysplasia of the hip)",659-is-ukmla-childhood-hip-leg-disorders-including-perthes-disease-slipped-upper-femoral-epiphyses-developmental-dysplasia-of-the-hip.html,Child health,yes,yes,not-started,legacy-source-only,defer,is-developmental-dysplasia-of-the-hip,
594,wordpress-export-slug,is-ukmla-chlamydia,Chlamydia,594-is-ukmla-chlamydia.html,Infections,yes,yes,not-started,legacy-source-only,refresh-existing,is-chlamydia,
483,wordpress-export-slug,is-ukmla-cholecystitis,Cholecystitis,483-is-ukmla-cholecystitis.html,"Liver, pancreas, biliary system",yes,yes,not-started,legacy-source-only,refresh-existing,is-cholecystitis,
124,wordpress-export-slug,is-ukmla-cholesteatoma,Cholesteatoma,124-is-ukmla-cholesteatoma.html,"Ear, nose and throat",yes,yes,not-started,legacy-source-only,refresh-existing,is-cholesteatoma,
,,is-ukmla-chorioamnionitis,Chorioamnionitis,is-ukmla-chorioamnionitis.html,Pregnancy and the puerperium,no,no,not-started,no-final-file-yet,create-new,,
797,wordpress-export-slug,is-ukmla-chronic-glaucoma,Chronic glaucoma,797-is-ukmla-chronic-glaucoma.html,Eye,yes,yes,not-started,legacy-source-only,refresh-existing,is-chronic-glaucoma,
152,wordpress-export-slug,is-ukmla-chronic-kidney-disease,Chronic kidney disease,152-is-ukmla-chronic-kidney-disease.html,Kidneys and urinary tract,yes,yes,not-started,legacy-source-only,cluster-resolution-first,is-chronic-kidney-disease,
,,is-ukmla-chronic-liver-disease-including-decompensation-and-cirrhosis-of-the-liver,Chronic liver disease (including decompensation and cirrhosis of the liver),is-ukmla-chronic-liver-disease-including-decompensation-and-cirrhosis-of-the-liver.html,"Liver, pancreas, biliary system",no,no,not-started,no-final-file-yet,create-new,,
416,wordpress-export-slug,is-ukmla-chronic-pancreatitis,Chronic pancreatitis,416-is-ukmla-chronic-pancreatitis.html,"Liver, pancreas, biliary system",yes,yes,not-started,legacy-source-only,refresh-existing,is-chronic-pancreatitis,
646,wordpress-export-slug,is-ukmla-coagulation-disorders-including-haemophilia-von-willebrand-disease-and-thrombophilia-and-secondary-to-illness-or-medication,"Coagulation disorders (including haemophilia, Von Willebrand disease, and thrombophilia, and secondary to illness or medication)",646-is-ukmla-coagulation-disorders-including-haemophilia-von-willebrand-disease-and-thrombophilia-and-secondary-to-illness-or-medication.html,Blood and lymph,yes,yes,not-started,no-final-file-yet,create-new,is-coagulation-disorders,
184,wordpress-export-slug,is-ukmla-coeliac-disease,Coeliac disease,184-is-ukmla-coeliac-disease.html,Gastrointestinal tract,yes,yes,not-started,legacy-source-only,refresh-existing,is-coeliac-disease,
335,wordpress-export-slug,is-ukmla-colorectal-cancer,Colorectal cancer,335-is-ukmla-colorectal-cancer.html,Gastrointestinal tract,yes,yes,not-started,legacy-source-only,refresh-existing,is-colorectal-cancer,
,,is-ukmla-complications-of-fractures-including-compartment-syndrome-non-union-malunion-avascular-necrosis,"Complications of fractures (including compartment syndrome, non-union, malunion, avascular necrosis)",is-ukmla-complications-of-fractures-including-compartment-syndrome-non-union-malunion-avascular-necrosis.html,Musculoskeletal,no,no,not-started,no-final-file-yet,create-new,,
,,is-ukmla-complications-of-labour-including-malpresentation-shoulder-dystocia-preterm-labour-cord-prolapse,"Complications of labour (including malpresentation, shoulder-dystocia, preterm labour, cord prolapse)",is-ukmla-complications-of-labour-including-malpresentation-shoulder-dystocia-preterm-labour-cord-prolapse.html,Pregnancy and the puerperium,no,no,not-started,no-final-file-yet,create-new,,
789,wordpress-export-slug,is-ukmla-congenital-heart-disease,Congenital heart disease,789-is-ukmla-congenital-heart-disease.html,Heart and vasculature,yes,yes,not-started,legacy-source-only,defer,is-congenital-heart-disease,
808,wordpress-export-slug,is-ukmla-conjunctivitis,Conjunctivitis,808-is-ukmla-conjunctivitis.html,Eye,yes,yes,not-started,legacy-source-only,refresh-existing,is-conjunctivitis,
418,wordpress-export-slug,is-ukmla-constipation,Constipation,418-is-ukmla-constipation.html,Gastrointestinal tract,yes,yes,not-started,legacy-source-only,cluster-resolution-first,is-constipation,
541,wordpress-export-slug,is-ukmla-contact-dermatitis,Contact dermatitis,541-is-ukmla-contact-dermatitis.html,Skin and soft tissue,yes,yes,not-started,legacy-source-only,refresh-existing,is-contact-dermatitis,
133,wordpress-export-legacy-slug,is-ukmla-copd,Chronic obstructive pulmonary disease (COPD),133-is-ukmla-copd.html,"Lungs, pleura and airways",yes,yes,drafted,canonical-final-exists,refresh-existing,is-copd,
,,is-ukmla-corneal-ulcer-abrasion,Corneal ulcer/ abrasion,is-ukmla-corneal-ulcer-abrasion.html,Eye,no,no,not-started,legacy-source-only,cluster-resolution-first,,
82,wordpress-export-slug,is-ukmla-covid-19,COVID-19,82-is-ukmla-covid-19.html,Infections,yes,yes,not-started,legacy-source-only,refresh-existing,is-covid-19,
685,wordpress-export-legacy-slug,is-ukmla-cow-milk-protein-allergy,Cow milk protein allergy,685-is-ukmla-cow-milk-protein-allergy.html,Child health,yes,yes,not-started,legacy-source-only,refresh-existing,is-cows-milk-allergy,
670,wordpress-export-slug,is-ukmla-croup,Croup,670-is-ukmla-croup.html,Child health,yes,yes,not-started,legacy-source-only,refresh-existing,is-croup,
,,is-ukmla-cryptorchidism,Cryptorchidism,is-ukmla-cryptorchidism.html,Child health,no,no,not-started,no-final-file-yet,create-new,,
,,is-ukmla-crystal-arthropathy,Crystal arthropathy,is-ukmla-crystal-arthropathy.html,Musculoskeletal,no,no,not-started,no-final-file-yet,create-new,,
162,wordpress-export-legacy-slug,is-ukmla-cushing-syndrome,Cushing syndrome,162-is-ukmla-cushing-syndrome.html,Endocrine and metabolic,yes,yes,not-started,legacy-source-only,refresh-existing,is-cushings-syndrome,
,,is-ukmla-cutaneous-fungal-infection,Cutaneous fungal infection,is-ukmla-cutaneous-fungal-infection.html,Skin and soft tissue,no,no,not-started,no-final-file-yet,create-new,,
,,is-ukmla-cutaneous-warts,Cutaneous warts,is-ukmla-cutaneous-warts.html,Skin and soft tissue,no,no,not-started,no-final-file-yet,create-new,,
,,is-ukmla-cvst,Cerebral venous sinus thrombosis (CVST),is-ukmla-cvst.html,Brain and spinal cord,no,no,drafted,canonical-final-exists,refresh-existing,,
792,wordpress-export-slug,is-ukmla-cystic-fibrosis,Cystic fibrosis,792-is-ukmla-cystic-fibrosis.html,Genetic and congenital,yes,yes,not-started,legacy-source-only,refresh-existing,is-cystic-fibrosis,
1317,pilot-manifest,is-ukmla-deep-vein-thrombosis,Deep vein thrombosis,1317-is-ukmla-deep-vein-thrombosis.html,Heart and vasculature,pending-transfer,yes,clinician-review-needed,canonical-final-exists,replace-live-now,,
554,wordpress-export-slug,is-ukmla-delirium,Delirium,554-is-ukmla-delirium.html,Brain and spinal cord,yes,yes,not-started,legacy-source-only,cluster-resolution-first,is-delirium,
,,is-ukmla-delusional-disorder,Delusional disorder,is-ukmla-delusional-disorder.html,Mental health,no,no,not-started,no-final-file-yet,create-new,,
,,is-ukmla-dementias-including-alzheimer-dementia-lewy-body-dementia-frontotemporal-dementia-vascular-dementia,"Dementias (including Alzheimer dementia, Lewy-Body dementia, frontotemporal dementia, vascular dementia)",is-ukmla-dementias-including-alzheimer-dementia-lewy-body-dementia-frontotemporal-dementia-vascular-dementia.html,Brain and spinal cord,no,no,not-started,no-final-file-yet,create-new,,
246,wordpress-export-slug,is-ukmla-depression,Depression,246-is-ukmla-depression.html,Mental health,yes,yes,not-started,legacy-source-only,refresh-existing,is-depression,
,,is-ukmla-diabetes-in-pregnancy-gestational-and-pre-existing,Diabetes in pregnancy (gestational and pre-existing),is-ukmla-diabetes-in-pregnancy-gestational-and-pre-existing.html,Pregnancy and the puerperium,no,no,not-started,no-final-file-yet,create-new,,
412,wordpress-export-legacy-slug,is-ukmla-diabetes-mellitus,Diabetes mellitus,412-is-ukmla-diabetes-mellitus.html,Endocrine and metabolic,yes,yes,not-started,legacy-source-only,refresh-existing,is-type-1-diabetes-mellitus,
142,wordpress-export-slug,is-ukmla-diabetic-ketoacidosis-dka,Diabetic ketoacidosis (DKA),142-is-ukmla-diabetic-ketoacidosis-dka.html,Endocrine and metabolic,yes,yes,not-started,legacy-source-only,refresh-existing,is-diabetic-ketoacidosis,
153,wordpress-export-slug,is-ukmla-diabetic-nephropathy,Diabetic nephropathy,153-is-ukmla-diabetic-nephropathy.html,Endocrine and metabolic,yes,yes,not-started,legacy-source-only,refresh-existing,is-diabetic-nephropathy,
359,wordpress-export-slug,is-ukmla-diabetic-neuropathy,Diabetic neuropathy,359-is-ukmla-diabetic-neuropathy.html,Endocrine and metabolic,yes,yes,not-started,legacy-source-only,refresh-existing,is-diabetic-neuropathy,
795,wordpress-export-slug,is-ukmla-diabetic-retinopathy,Diabetic retinopathy,795-is-ukmla-diabetic-retinopathy.html,Endocrine and metabolic,yes,yes,not-started,legacy-source-only,refresh-existing,is-diabetic-retinopathy,
,,is-ukmla-disease-prevention-screening,Disease prevention/ screening,is-ukmla-disease-prevention-screening.html,Other knowledge,no,no,not-started,no-final-file-yet,create-new,,
,,is-ukmla-disseminated-intravascular-coagulation-dic,Disseminated intravascular coagulation (DIC),is-ukmla-disseminated-intravascular-coagulation-dic.html,Blood and lymph,no,no,not-started,no-final-file-yet,create-new,,
435,wordpress-export-legacy-slug,is-ukmla-diverticular-disease-and-diverticulitis,Diverticular disease and diverticulitis,435-is-ukmla-diverticular-disease-and-diverticulitis.html,Gastrointestinal tract,yes,yes,not-started,legacy-source-only,refresh-existing,is-diverticular-disease,
,,is-ukmla-down-syndrome,Down syndrome,is-ukmla-down-syndrome.html,Genetic and congenital,no,no,not-started,no-final-file-yet,create-new,,
,,is-ukmla-drug-overdose,Drug overdose,is-ukmla-drug-overdose.html,Drugs and drug effects,no,no,drafted,canonical-final-exists,refresh-existing,,
408,wordpress-export-legacy-slug,is-ukmla-eating-disorders,Eating disorders,408-is-ukmla-eating-disorders.html,Mental health,yes,yes,not-started,legacy-source-only,refresh-existing,is-eating-disorder,
167,wordpress-export-slug,is-ukmla-ectopic-pregnancy,Ectopic pregnancy,167-is-ukmla-ectopic-pregnancy.html,Pregnancy and the puerperium,yes,yes,drafted,canonical-final-exists,refresh-existing,is-ectopic-pregnancy,
,,is-ukmla-ehlers-danlos-syndrome,Ehlers-Danlos syndrome,is-ukmla-ehlers-danlos-syndrome.html,Genetic and congenital,no,no,not-started,no-final-file-yet,create-new,,
,,is-ukmla-empyema,Empyema,is-ukmla-empyema.html,"Lungs, pleura and airways",no,no,drafted,canonical-final-exists,refresh-existing,,
244,wordpress-export-slug,is-ukmla-encephalitis,Encephalitis,244-is-ukmla-encephalitis.html,Brain and spinal cord,yes,yes,not-started,legacy-source-only,refresh-existing,is-encephalitis,
,,is-ukmla-end-stage-renal-disease-including-renal-replacement-therapy-and-transplantation,End stage renal disease (including renal replacement therapy and transplantation),is-ukmla-end-stage-renal-disease-including-renal-replacement-therapy-and-transplantation.html,Kidneys and urinary tract,no,no,not-started,no-final-file-yet,create-new,,
535,wordpress-export-slug,is-ukmla-endometrial-cancer,Endometrial cancer,535-is-ukmla-endometrial-cancer.html,Gynaecological tract,yes,yes,not-started,legacy-source-only,refresh-existing,is-endometrial-cancer,
526,wordpress-export-slug,is-ukmla-endometriosis,Endometriosis,526-is-ukmla-endometriosis.html,Gynaecological tract,yes,yes,not-started,legacy-source-only,refresh-existing,is-endometriosis,
69,wordpress-export-legacy-slug,is-ukmla-epiglottitis,Epiglottitis,69-is-ukmla-epiglottitis.html,"Ear, nose and throat",yes,yes,not-started,legacy-source-only,refresh-existing,is-epiglottitis,
396,wordpress-export-slug,is-ukmla-epilepsy,Epilepsy,396-is-ukmla-epilepsy.html,Brain and spinal cord,yes,yes,not-started,legacy-source-only,refresh-existing,is-epilepsy,
510,wordpress-export-slug,is-ukmla-epistaxis,Epistaxis,510-is-ukmla-epistaxis.html,"Ear, nose and throat",yes,yes,not-started,legacy-source-only,refresh-existing,is-epistaxis,
,,is-ukmla-erythema-nodosum,Erythema nodosum,is-ukmla-erythema-nodosum.html,Skin and soft tissue,no,no,not-started,no-final-file-yet,create-new,,
401,wordpress-export-slug,is-ukmla-essential-tremor,Essential tremor,401-is-ukmla-essential-tremor.html,Brain and spinal cord,yes,yes,not-started,legacy-source-only,refresh-existing,is-essential-tremor,
,,is-ukmla-extradural-haemorrhage,Extradural haemorrhage,is-ukmla-extradural-haemorrhage.html,Brain and spinal cord,no,no,not-started,no-final-file-yet,create-new,,
,,is-ukmla-faltering-growth-failure-to-thrive,Faltering growth (failure to thrive),is-ukmla-faltering-growth-failure-to-thrive.html,Child health,no,no,not-started,no-final-file-yet,create-new,,
397,wordpress-export-slug,is-ukmla-febrile-convulsions,Febrile convulsions,397-is-ukmla-febrile-convulsions.html,Child health,yes,yes,not-started,legacy-source-only,refresh-existing,is-febrile-convulsions-children,
,,is-ukmla-fibroadenoma,Fibroadenoma,is-ukmla-fibroadenoma.html,Breast,no,no,not-started,no-final-file-yet,create-new,,
420,wordpress-export-slug,is-ukmla-fibroids,Fibroids,420-is-ukmla-fibroids.html,Gynaecological tract,yes,yes,not-started,legacy-source-only,refresh-existing,is-fibroids,
349,wordpress-export-slug,is-ukmla-fibromyalgia,Fibromyalgia,349-is-ukmla-fibromyalgia.html,Musculoskeletal,yes,yes,not-started,legacy-source-only,refresh-existing,is-fibromyalgia,
500,wordpress-export-legacy-slug,is-ukmla-folliculitis-and-hidradenitis-suppurativa,Folliculitis and Hidradenitis suppurativa,500-is-ukmla-folliculitis-and-hidradenitis-suppurativa.html,Skin and soft tissue,yes,yes,not-started,legacy-source-only,refresh-existing,is-hidradenitis-suppurativa,
781,wordpress-export-slug,is-ukmla-fractures-including-pathological-fractures,Fracture(s) (including pathological fractures),781-is-ukmla-fractures-including-pathological-fractures.html,Musculoskeletal,yes,yes,not-started,no-final-file-yet,create-new,is-fracture-inc-osteoporotic-vertebral-fracture,
104,wordpress-export-legacy-slug,is-ukmla-gallstones-and-biliary-colic,Gallstones and biliary colic,104-is-ukmla-gallstones-and-biliary-colic.html,"Liver, pancreas, biliary system",yes,yes,not-started,legacy-source-only,refresh-existing,is-biliary-colic,
,,is-ukmla-gambling-disorder,Gambling disorder,is-ukmla-gambling-disorder.html,Mental health,no,no,not-started,no-final-file-yet,create-new,,
,,is-ukmla-gangrene,Gangrene,is-ukmla-gangrene.html,Heart and vasculature,no,no,not-started,no-final-file-yet,create-new,,
428,wordpress-export-slug,is-ukmla-gastric-cancer,Gastric cancer,428-is-ukmla-gastric-cancer.html,Gastrointestinal tract,yes,yes,not-started,legacy-source-only,refresh-existing,is-gastric-cancer,
70,wordpress-export-slug,is-ukmla-gastro-oesophageal-reflux-disease-including-barrett-oesophagus,Gastro-oesophageal reflux disease (including Barrett oesophagus),70-is-ukmla-gastro-oesophageal-reflux-disease-including-barrett-oesophagus.html,Gastrointestinal tract,yes,yes,not-started,legacy-source-only,refresh-existing,is-gord,
459,wordpress-export-legacy-slug,is-ukmla-gastrointestinal-bleeding-upper-and-lower-gi-bleeding,Gastrointestinal bleeding (upper and lower GI bleeding),459-is-ukmla-gastrointestinal-bleeding-upper-and-lower-gi-bleeding.html,Gastrointestinal tract,yes,yes,not-started,legacy-source-only,refresh-existing,is-severe-upper-gastrointestinal-bleeding,
,,is-ukmla-gastrointestinal-perforation,Gastrointestinal perforation,is-ukmla-gastrointestinal-perforation.html,Gastrointestinal tract,no,no,not-started,no-final-file-yet,create-new,,
,,is-ukmla-gender-dysphoria-and-or-incongruence,Gender dysphoria and/ or incongruence,is-ukmla-gender-dysphoria-and-or-incongruence.html,Mental health,no,no,not-started,no-final-file-yet,create-new,,
607,wordpress-export-slug,is-ukmla-generalised-anxiety-disorder,Generalised anxiety disorder,607-is-ukmla-generalised-anxiety-disorder.html,Mental health,yes,yes,not-started,legacy-source-only,refresh-existing,is-generalised-anxiety-disorder,
,,is-ukmla-genitourinary-syndrome-of-menopause,Genitourinary syndrome of menopause,is-ukmla-genitourinary-syndrome-of-menopause.html,Gynaecological tract,no,no,not-started,no-final-file-yet,create-new,,
217,wordpress-export-legacy-slug,is-ukmla-giant-cell-arteritis,Giant cell arteritis,217-is-ukmla-giant-cell-arteritis.html,Musculoskeletal,yes,yes,not-started,legacy-source-only,refresh-existing,is-temporal-arteritis-gca,
597,wordpress-export-slug,is-ukmla-glomerulonephritis,Glomerulonephritis,597-is-ukmla-glomerulonephritis.html,Kidneys and urinary tract,yes,yes,not-started,legacy-source-only,refresh-existing,is-glomerulonephritis,
593,wordpress-export-slug,is-ukmla-gonorrhoea,Gonorrhoea,593-is-ukmla-gonorrhoea.html,Infections,yes,yes,not-started,legacy-source-only,refresh-existing,is-gonorrhoea,
,,is-ukmla-graves-disease-including-thyroid-eye-disease,Graves disease (including thyroid eye disease),is-ukmla-graves-disease-including-thyroid-eye-disease.html,Endocrine and metabolic,no,no,not-started,no-final-file-yet,create-new,,
,,is-ukmla-guillain-barr-inflammatory-demyelinating-polyneuropathy,Guillain- Barré/ inflammatory demyelinating polyneuropathy,is-ukmla-guillain-barr-inflammatory-demyelinating-polyneuropathy.html,Peripheral nervous system and neuromuscular junction,no,no,not-started,no-final-file-yet,create-new,,
,,is-ukmla-haemangioma,Haemangioma,is-ukmla-haemangioma.html,Skin and soft tissue,no,no,not-started,no-final-file-yet,create-new,,
521,wordpress-export-slug,is-ukmla-haemochromatosis,Haemochromatosis,521-is-ukmla-haemochromatosis.html,Endocrine and metabolic,yes,yes,not-started,legacy-source-only,refresh-existing,is-haemochromatosis,
,,is-ukmla-haemoglobinopathies,Haemoglobinopathies,is-ukmla-haemoglobinopathies.html,Blood and lymph,no,no,not-started,no-final-file-yet,create-new,,
454,wordpress-export-slug,is-ukmla-haemorrhoids,Haemorrhoids,454-is-ukmla-haemorrhoids.html,Gastrointestinal tract,yes,yes,not-started,legacy-source-only,refresh-existing,is-haemorrhoids,
,,is-ukmla-head-and-neck-cancer-including-oral-laryngeal-and-salivary-gland,"Head and neck cancer (including oral, laryngeal and salivary gland)",is-ukmla-head-and-neck-cancer-including-oral-laryngeal-and-salivary-gland.html,"Ear, nose and throat",no,no,not-started,no-final-file-yet,create-new,,
1318,pilot-manifest,is-ukmla-heart-failure,Heart failure,1318-is-ukmla-heart-failure.html,Heart and vasculature,pending-transfer,yes,clinician-review-needed,canonical-final-exists,replace-live-now,,
,,is-ukmla-helicobacter-pylori,Helicobacter pylori,is-ukmla-helicobacter-pylori.html,Infections,no,no,not-started,no-final-file-yet,create-new,,
551,wordpress-export-slug,is-ukmla-hepatitis-including-viral-autoimmune-alcoholic,"Hepatitis (including viral, autoimmune, alcoholic)",551-is-ukmla-hepatitis-including-viral-autoimmune-alcoholic.html,"Liver, pancreas, biliary system",yes,yes,not-started,legacy-source-only,cluster-resolution-first,is-hepatitis,
514,wordpress-export-slug,is-ukmla-hepatocellular-carcinoma,Hepatocellular carcinoma,514-is-ukmla-hepatocellular-carcinoma.html,"Liver, pancreas, biliary system",yes,yes,not-started,legacy-source-only,refresh-existing,is-hepatocellular-carcinoma,
,,is-ukmla-hernias,Hernias,is-ukmla-hernias.html,Gastrointestinal tract,no,no,not-started,legacy-source-only,cluster-resolution-first,,
,,is-ukmla-herpes-simplex-virus,Herpes simplex virus,is-ukmla-herpes-simplex-virus.html,Infections,no,no,not-started,no-final-file-yet,create-new,,
548,wordpress-export-slug,is-ukmla-hiatus-hernia,Hiatus hernia,548-is-ukmla-hiatus-hernia.html,Gastrointestinal tract,yes,yes,not-started,legacy-source-only,refresh-existing,is-hiatus-hernia,
,,is-ukmla-hospital-acquired-infections,Hospital acquired infections,is-ukmla-hospital-acquired-infections.html,Infections,no,no,not-started,no-final-file-yet,create-new,,
247,wordpress-export-legacy-slug,is-ukmla-human-immunodeficiency-virus-hiv,Human immunodeficiency virus (HIV),247-is-ukmla-human-immunodeficiency-virus-hiv.html,Infections,yes,yes,not-started,legacy-source-only,refresh-existing,is-hiv,
,,is-ukmla-human-papilloma-virus-infection,Human papilloma virus infection,is-ukmla-human-papilloma-virus-infection.html,Infections,no,no,not-started,no-final-file-yet,create-new,,
622,wordpress-export-legacy-slug,is-ukmla-huntington-disease,Huntington disease,622-is-ukmla-huntington-disease.html,Genetic and congenital,yes,yes,not-started,legacy-source-only,refresh-existing,is-huntingtons-disease,
,,is-ukmla-hydrocoele-varicocoele-epididymal-cyst,Hydrocoele/ varicocoele/ epididymal cyst,is-ukmla-hydrocoele-varicocoele-epididymal-cyst.html,Male genitourinary tract,no,no,not-started,no-final-file-yet,create-new,,
,,is-ukmla-hydronephrosis,Hydronephrosis,is-ukmla-hydronephrosis.html,Kidneys and urinary tract,no,no,not-started,no-final-file-yet,create-new,,
,,is-ukmla-hypercalcaemia-hypocalcaemia,Hypercalcaemia/ hypocalcaemia,is-ukmla-hypercalcaemia-hypocalcaemia.html,Kidneys and urinary tract,no,no,not-started,no-final-file-yet,create-new,,
838,wordpress-export-slug,is-ukmla-hyperemesis-gravidarum,Hyperemesis gravidarum,838-is-ukmla-hyperemesis-gravidarum.html,Pregnancy and the puerperium,yes,yes,not-started,legacy-source-only,refresh-existing,is-hyperemesis-gravidarum,
,,is-ukmla-hyperkalaemia-hypokalaemia,Hyperkalaemia/ hypokalaemia,is-ukmla-hyperkalaemia-hypokalaemia.html,Kidneys and urinary tract,no,no,not-started,no-final-file-yet,create-new,,
,,is-ukmla-hyperlipidaemia,Hyperlipidaemia,is-ukmla-hyperlipidaemia.html,Endocrine and metabolic,no,no,not-started,no-final-file-yet,create-new,,
841,wordpress-export-slug,is-ukmla-hyperosmolar-hyperglycaemic-state-hhs,Hyperosmolar hyperglycaemic state (HHS),841-is-ukmla-hyperosmolar-hyperglycaemic-state-hhs.html,Endocrine and metabolic,yes,yes,not-started,legacy-source-only,refresh-existing,is-hhs,
,,is-ukmla-hyperparathyroidism-hypoparathyroidism,Hyperparathyroidism/ hypoparathyroidism,is-ukmla-hyperparathyroidism-hypoparathyroidism.html,Endocrine and metabolic,no,no,not-started,no-final-file-yet,create-new,,
875,wordpress-export-slug,is-ukmla-hyperprolactinaemia,Hyperprolactinaemia,875-is-ukmla-hyperprolactinaemia.html,Endocrine and metabolic,yes,yes,not-started,legacy-source-only,refresh-existing,is-hyperprolactinaemia,
150,wordpress-export-legacy-slug,is-ukmla-hypertension-essential-or-secondary,Hypertension (essential or secondary),150-is-ukmla-hypertension-essential-or-secondary.html,Heart and vasculature,yes,yes,not-started,legacy-source-only,refresh-existing,is-essential-hypertension,
,,is-ukmla-hypertension-in-pregnancy-including-gestational-hypertension-pre-eclampsia-eclampsia,"Hypertension in pregnancy (including gestational hypertension, pre-eclampsia, eclampsia)",is-ukmla-hypertension-in-pregnancy-including-gestational-hypertension-pre-eclampsia-eclampsia.html,Pregnancy and the puerperium,no,no,not-started,no-final-file-yet,create-new,,
,,is-ukmla-hypertensive-retinopathy,Hypertensive retinopathy,is-ukmla-hypertensive-retinopathy.html,Eye,no,no,not-started,no-final-file-yet,create-new,,
,,is-ukmla-hyperthermia-and-hypothermia,Hyperthermia and hypothermia,is-ukmla-hyperthermia-and-hypothermia.html,Multi-system diseases,no,no,not-started,no-final-file-yet,create-new,,
,,is-ukmla-hyperthyroidism-thyrotoxicosis,Hyperthyroidism/ thyrotoxicosis,is-ukmla-hyperthyroidism-thyrotoxicosis.html,Endocrine and metabolic,no,no,not-started,no-final-file-yet,create-new,,
118,wordpress-export-slug,is-ukmla-hypoglycaemia,Hypoglycaemia,118-is-ukmla-hypoglycaemia.html,Endocrine and metabolic,yes,yes,not-started,legacy-source-only,refresh-existing,is-hypoglycaemia,
,,is-ukmla-hyponatraemia-hypernatraemia,Hyponatraemia/ hypernatraemia,is-ukmla-hyponatraemia-hypernatraemia.html,Kidneys and urinary tract,no,no,not-started,no-final-file-yet,create-new,,
,,is-ukmla-hypopituitarism,Hypopituitarism,is-ukmla-hypopituitarism.html,Endocrine and metabolic,no,no,not-started,no-final-file-yet,create-new,,
,,is-ukmla-hyposplenism-splenectomy,Hyposplenism/ splenectomy,is-ukmla-hyposplenism-splenectomy.html,Blood and lymph,no,no,not-started,no-final-file-yet,create-new,,
117,wordpress-export-title+slug,is-ukmla-hypothyroidism,Hypothyroidism,117-is-ukmla-hypothyroidism.html,Endocrine and metabolic,yes,yes,not-started,legacy-source-only,cluster-resolution-first,is-hypothyroidism,
,,is-ukmla-hypovolaemia-volume-depletion,Hypovolaemia/ volume depletion,is-ukmla-hypovolaemia-volume-depletion.html,Multi-system diseases,no,no,not-started,no-final-file-yet,create-new,,
,,is-ukmla-iatrogenic-condition,Iatrogenic condition,is-ukmla-iatrogenic-condition.html,Other knowledge,no,no,not-started,no-final-file-yet,create-new,,
248,wordpress-export-slug,is-ukmla-idiopathic-intracranial-hypertension,Idiopathic intracranial hypertension,248-is-ukmla-idiopathic-intracranial-hypertension.html,Brain and spinal cord,yes,yes,not-started,legacy-source-only,refresh-existing,is-idiopathic-intracranial-hypertension,
645,wordpress-export-legacy-slug,is-ukmla-idiopathic-thrombocytopenic-purpura-itp,Idiopathic thrombocytopenic purpura (ITP),645-is-ukmla-idiopathic-thrombocytopenic-purpura-itp.html,Blood and lymph,yes,yes,not-started,legacy-source-only,refresh-existing,is-thrombocytopenic-purpura,
,,is-ukmla-iga-vasculitis,IgA vasculitis,is-ukmla-iga-vasculitis.html,Kidneys and urinary tract,no,no,not-started,no-final-file-yet,create-new,,
,,is-ukmla-impetigo,Impetigo,is-ukmla-impetigo.html,Skin and soft tissue,no,no,not-started,no-final-file-yet,create-new,,
,,is-ukmla-incidental-finding,Incidental finding,is-ukmla-incidental-finding.html,Multi-system diseases,no,no,not-started,no-final-file-yet,create-new,,
,,is-ukmla-infectious-colitis-including-clostridium-difficile,Infectious colitis (including Clostridium difficile),is-ukmla-infectious-colitis-including-clostridium-difficile.html,Gastrointestinal tract,no,no,not-started,no-final-file-yet,create-new,,
,,is-ukmla-infectious-diarrhoea-including-infective-gastroenteritis,Infectious diarrhoea (including infective gastroenteritis),is-ukmla-infectious-diarrhoea-including-infective-gastroenteritis.html,Gastrointestinal tract,no,no,not-started,no-final-file-yet,create-new,,
1319,pilot-manifest,is-ukmla-infective-endocarditis,Infective endocarditis,1319-is-ukmla-infective-endocarditis.html,Heart and vasculature,pending-transfer,yes,drafted,canonical-final-exists,refresh-existing,,
,,is-ukmla-infective-keratitis,Infective keratitis,is-ukmla-infective-keratitis.html,Eye,no,no,not-started,no-final-file-yet,create-new,,
,,is-ukmla-infertility-subfertility,Infertility/ subfertility,is-ukmla-infertility-subfertility.html,Multi-system diseases,no,no,not-started,no-final-file-yet,create-new,,
185,wordpress-export-slug,is-ukmla-inflammatory-bowel-disease-including-crohn-disease-ulcerative-colitis,"Inflammatory bowel disease (including Crohn disease, ulcerative colitis)",185-is-ukmla-inflammatory-bowel-disease-including-crohn-disease-ulcerative-colitis.html,Gastrointestinal tract,yes,yes,not-started,legacy-source-only,refresh-existing,is-inflammatory-bowel-disease,
,,is-ukmla-inflammatory-conditions-of-the-eye-including-scleritis-episcleritis-uveitis,"Inflammatory conditions of the eye (including scleritis, episcleritis, uveitis)",is-ukmla-inflammatory-conditions-of-the-eye-including-scleritis-episcleritis-uveitis.html,Eye,no,no,not-started,no-final-file-yet,create-new,,
74,wordpress-export-legacy-slug,is-ukmla-influenza,Influenza,74-is-ukmla-influenza.html,Infections,yes,yes,not-started,legacy-source-only,refresh-existing,is-influenza,
146,wordpress-export-slug,is-ukmla-interstitial-lung-disease-including-fibrotic-lung-disease,Interstitial lung disease (including fibrotic lung disease),146-is-ukmla-interstitial-lung-disease-including-fibrotic-lung-disease.html,"Lungs, pleura and airways",yes,yes,not-started,legacy-source-only,refresh-existing,is-interstitial-lung-disease,
733,wordpress-export-legacy-slug,is-ukmla-intervertebral-disc-prolapse,Intervertebral disc prolapse,733-is-ukmla-intervertebral-disc-prolapse.html,Musculoskeletal,yes,yes,not-started,legacy-source-only,refresh-existing,is-lumbar-disc-prolapse,
,,is-ukmla-intestinal-ischaemia,Intestinal ischaemia,is-ukmla-intestinal-ischaemia.html,Gastrointestinal tract,no,no,not-started,no-final-file-yet,create-new,,
471,wordpress-export-legacy-slug,is-ukmla-intestinal-obstruction-and-ileus,Intestinal obstruction and ileus,471-is-ukmla-intestinal-obstruction-and-ileus.html,Gastrointestinal tract,yes,yes,not-started,legacy-source-only,refresh-existing,is-intestinal-obstruction,
343,wordpress-export-title+slug,is-ukmla-irritable-bowel-syndrome,Irritable bowel syndrome,343-is-ukmla-irritable-bowel-syndrome.html,Gastrointestinal tract,yes,yes,not-started,legacy-source-only,cluster-resolution-first,is-irritable-bowel-syndrome,
,,is-ukmla-ischaemic-heart-disease-including-stable-angina,Ischaemic heart disease (including stable angina),is-ukmla-ischaemic-heart-disease-including-stable-angina.html,Heart and vasculature,no,no,not-started,no-final-file-yet,create-new,,
,,is-ukmla-jaundice-in-pregnancy,Jaundice in pregnancy,is-ukmla-jaundice-in-pregnancy.html,Pregnancy and the puerperium,no,no,not-started,no-final-file-yet,create-new,,
,,is-ukmla-joint-dislocation-or-subluxation,Joint dislocation or subluxation,is-ukmla-joint-dislocation-or-subluxation.html,Musculoskeletal,no,no,not-started,legacy-source-only,refresh-existing,,
674,wordpress-export-slug,is-ukmla-juvenile-idiopathic-arthritis,Juvenile idiopathic arthritis,674-is-ukmla-juvenile-idiopathic-arthritis.html,Musculoskeletal,yes,yes,not-started,legacy-source-only,refresh-existing,is-juvenile-idiopathic-arthritis,
,,is-ukmla-kawasaki-disease,Kawasaki disease,is-ukmla-kawasaki-disease.html,Child health,no,no,not-started,no-final-file-yet,create-new,,
,,is-ukmla-klinefelter-syndrome,Klinefelter syndrome,is-ukmla-klinefelter-syndrome.html,Genetic and congenital,no,no,not-started,no-final-file-yet,create-new,,
109,wordpress-export-legacy-slug,is-ukmla-labyrinthitis-vestibular-neuritis,Labyrinthitis / vestibular neuritis,109-is-ukmla-labyrinthitis-vestibular-neuritis.html,"Ear, nose and throat",yes,yes,not-started,legacy-source-only,refresh-existing,is-vestibular-neuritis,
451,wordpress-export-slug,is-ukmla-leukaemia,Leukaemia,451-is-ukmla-leukaemia.html,Blood and lymph,yes,yes,not-started,legacy-source-only,refresh-existing,is-leukaemia,
290,wordpress-export-slug,is-ukmla-lichen-planus,Lichen planus,290-is-ukmla-lichen-planus.html,Skin and soft tissue,yes,yes,not-started,legacy-source-only,refresh-existing,is-lichen-planus,
,,is-ukmla-lichen-sclerosus,Lichen sclerosus,is-ukmla-lichen-sclerosus.html,Gynaecological tract,no,no,not-started,no-final-file-yet,create-new,,
307,wordpress-export-slug,is-ukmla-lipoma,Lipoma,307-is-ukmla-lipoma.html,Skin and soft tissue,yes,yes,not-started,legacy-source-only,refresh-existing,is-lipoma,
,,is-ukmla-liver-abscess,Liver abscess,is-ukmla-liver-abscess.html,"Liver, pancreas, biliary system",no,no,not-started,no-final-file-yet,create-new,,
324,wordpress-export-slug,is-ukmla-liver-failure,Liver failure,324-is-ukmla-liver-failure.html,"Liver, pancreas, biliary system",yes,yes,not-started,legacy-source-only,refresh-existing,is-liver-failure,
766,wordpress-export-legacy-slug,is-ukmla-lower-back-pain-and-sciatica,Lower back pain and sciatica,766-is-ukmla-lower-back-pain-and-sciatica.html,Musculoskeletal,yes,yes,not-started,no-final-file-yet,create-new,is-hip-pain-and-back-pain,
134,wordpress-export-slug,is-ukmla-lower-respiratory-tract-infection,Lower respiratory tract infection,134-is-ukmla-lower-respiratory-tract-infection.html,"Lungs, pleura and airways",yes,yes,not-started,legacy-source-only,refresh-existing,is-lrti,
,,is-ukmla-lung-abscess,Lung abscess,is-ukmla-lung-abscess.html,"Lungs, pleura and airways",no,no,not-started,no-final-file-yet,create-new,,
101,wordpress-export-slug,is-ukmla-lung-cancer,Lung cancer,101-is-ukmla-lung-cancer.html,"Lungs, pleura and airways",yes,yes,not-started,legacy-source-only,refresh-existing,is-lung-cancer,
310,wordpress-export-slug,is-ukmla-lymphoma,Lymphoma,310-is-ukmla-lymphoma.html,Blood and lymph,yes,yes,not-started,legacy-source-only,cluster-resolution-first,is-lymphoma,
796,wordpress-export-slug,is-ukmla-macular-degeneration,Macular degeneration,796-is-ukmla-macular-degeneration.html,Eye,yes,yes,not-started,legacy-source-only,refresh-existing,is-macular-degeneration,
415,wordpress-export-slug,is-ukmla-malabsorption,Malabsorption,415-is-ukmla-malabsorption.html,Gastrointestinal tract,yes,yes,not-started,legacy-source-only,refresh-existing,is-malabsorption,
,,is-ukmla-malaria,Malaria,is-ukmla-malaria.html,Infections,no,no,not-started,no-final-file-yet,create-new,,
,,is-ukmla-malignant-pre-malignant-skin-lesions-including-bowen-disease-malignant-melanoma-basal-cell-carcinoma-squamous-cell-carcinoma,"Malignant/ pre-malignant skin lesions (including Bowen disease, malignant melanoma, basal cell carcinoma, squamous cell carcinoma)",is-ukmla-malignant-pre-malignant-skin-lesions-including-bowen-disease-malignant-melanoma-basal-cell-carcinoma-squamous-cell-carcinoma.html,Skin and soft tissue,no,no,not-started,no-final-file-yet,create-new,,
507,wordpress-export-slug,is-ukmla-mallory-weiss-tear,Mallory-Weiss tear,507-is-ukmla-mallory-weiss-tear.html,Gastrointestinal tract,yes,yes,not-started,legacy-source-only,refresh-existing,is-mallory-weiss-tear,
186,wordpress-export-slug,is-ukmla-malnutrition,Malnutrition,186-is-ukmla-malnutrition.html,Multi-system diseases,yes,yes,not-started,legacy-source-only,refresh-existing,is-malnutrition,
,,is-ukmla-marfan-syndrome,Marfan syndrome,is-ukmla-marfan-syndrome.html,Genetic and congenital,no,no,not-started,no-final-file-yet,create-new,,
218,wordpress-export-slug,is-ukmla-mastoiditis,Mastoiditis,218-is-ukmla-mastoiditis.html,"Ear, nose and throat",yes,yes,not-started,legacy-source-only,refresh-existing,is-mastoiditis,
570,wordpress-export-slug,is-ukmla-measles,Measles,570-is-ukmla-measles.html,Infections,yes,yes,not-started,legacy-source-only,refresh-existing,is-measles,
93,wordpress-export-slug,is-ukmla-medically-unexplained-symptoms,Medically unexplained symptoms,93-is-ukmla-medically-unexplained-symptoms.html,Multi-system diseases,yes,yes,not-started,legacy-source-only,refresh-existing,is-medically-unexplained-symptoms,
220,wordpress-export-slug,is-ukmla-meningitis,Meningitis,220-is-ukmla-meningitis.html,Brain and spinal cord,yes,yes,drafted,canonical-final-exists,refresh-existing,is-meningitis,
,,is-ukmla-menopause-perimenopause,Menopause/ perimenopause,is-ukmla-menopause-perimenopause.html,Gynaecological tract,no,no,not-started,no-final-file-yet,create-new,,
523,wordpress-export-slug,is-ukmla-mesenteric-adenitis,Mesenteric adenitis,523-is-ukmla-mesenteric-adenitis.html,Child health,yes,yes,not-started,legacy-source-only,refresh-existing,is-mesenteric-adenitis,
,,is-ukmla-metabolic-dysfunction-associated-steatotic-liver-disease-masld,Metabolic dysfunction-associated steatotic liver disease (MASLD),is-ukmla-metabolic-dysfunction-associated-steatotic-liver-disease-masld.html,"Liver, pancreas, biliary system",no,no,not-started,no-final-file-yet,create-new,,
361,wordpress-export-slug,is-ukmla-metabolic-syndrome,Metabolic syndrome,361-is-ukmla-metabolic-syndrome.html,Endocrine and metabolic,yes,yes,not-started,legacy-source-only,refresh-existing,is-metabolic-syndrome,
431,wordpress-export-title+slug,is-ukmla-metastatic-cancer,Metastatic cancer,431-is-ukmla-metastatic-cancer.html,Multi-system diseases,yes,yes,not-started,legacy-source-only,cluster-resolution-first,is-metastatic-cancer,
,,is-ukmla-miscarriage-and-intrauterine-death,Miscarriage and intrauterine death,is-ukmla-miscarriage-and-intrauterine-death.html,Pregnancy and the puerperium,no,no,not-started,no-final-file-yet,create-new,,
,,is-ukmla-mitral-valve-disease,Mitral valve disease,is-ukmla-mitral-valve-disease.html,Heart and vasculature,no,no,not-started,no-final-file-yet,create-new,,
111,wordpress-export-legacy-slug,is-ukmla-mnire-disease,Ménière disease,111-is-ukmla-mnire-disease.html,"Ear, nose and throat",yes,yes,not-started,legacy-source-only,refresh-existing,is-menieres-disease,
494,wordpress-export-slug,is-ukmla-motor-neurone-disease,Motor neurone disease,494-is-ukmla-motor-neurone-disease.html,Brain and spinal cord,yes,yes,not-started,legacy-source-only,refresh-existing,is-motor-neurone-disease,
,,is-ukmla-multi-organ-dysfunction-syndrome,Multi-organ dysfunction syndrome,is-ukmla-multi-organ-dysfunction-syndrome.html,Multi-system diseases,no,no,not-started,no-final-file-yet,create-new,,
450,wordpress-export-slug,is-ukmla-multiple-myeloma,Multiple myeloma,450-is-ukmla-multiple-myeloma.html,Blood and lymph,yes,yes,not-started,legacy-source-only,refresh-existing,is-multiple-myeloma,
,,is-ukmla-multiple-pregnancy,Multiple pregnancy,is-ukmla-multiple-pregnancy.html,Pregnancy and the puerperium,no,no,not-started,no-final-file-yet,create-new,,
126,wordpress-export-slug,is-ukmla-multiple-sclerosis-ms,Multiple sclerosis (MS),126-is-ukmla-multiple-sclerosis-ms.html,Brain and spinal cord,yes,yes,not-started,legacy-source-only,refresh-existing,is-multiple-sclerosis,
,,is-ukmla-mumps,Mumps,is-ukmla-mumps.html,Infections,no,no,not-started,no-final-file-yet,create-new,,
,,is-ukmla-muscular-dystrophies,Muscular dystrophies,is-ukmla-muscular-dystrophies.html,Peripheral nervous system and neuromuscular junction,no,no,not-started,no-final-file-yet,create-new,,
350,wordpress-export-legacy-slug,is-ukmla-myalgic-encephalomyelitis-me-chronic-fatigue-syndrome-cfs-awareness-and-approach,Myalgic encephalomyelitis (ME)/ chronic fatigue syndrome (CFS) (awareness and approach),350-is-ukmla-myalgic-encephalomyelitis-me-chronic-fatigue-syndrome-cfs-awareness-and-approach.html,Multi-system diseases,yes,yes,not-started,legacy-source-only,refresh-existing,is-chronic-fatigue-syndrome,
264,wordpress-export-slug,is-ukmla-myasthenia-gravis,Myasthenia gravis,264-is-ukmla-myasthenia-gravis.html,Peripheral nervous system and neuromuscular junction,yes,yes,not-started,legacy-source-only,refresh-existing,is-myasthenia-gravis,
,,is-ukmla-myeloproliferative-disorders,Myeloproliferative disorders,is-ukmla-myeloproliferative-disorders.html,Blood and lymph,no,no,not-started,no-final-file-yet,create-new,,
,,is-ukmla-myocarditis,Myocarditis,is-ukmla-myocarditis.html,Heart and vasculature,no,no,not-started,no-final-file-yet,create-new,,
256,wordpress-export-slug,is-ukmla-nasal-polyps,Nasal polyps,256-is-ukmla-nasal-polyps.html,"Ear, nose and throat",yes,yes,not-started,legacy-source-only,refresh-existing,is-nasal-polyps,
,,is-ukmla-necrotising-enterocolitis,Necrotising enterocolitis,is-ukmla-necrotising-enterocolitis.html,Child health,no,no,not-started,no-final-file-yet,create-new,,
,,is-ukmla-necrotising-fasciitis,Necrotising fasciitis,is-ukmla-necrotising-fasciitis.html,Skin and soft tissue,no,no,not-started,no-final-file-yet,create-new,,
,,is-ukmla-neonatal-jaundice-including-pathological-and-physiological-jaundice,Neonatal jaundice (including pathological and physiological jaundice),is-ukmla-neonatal-jaundice-including-pathological-and-physiological-jaundice.html,Child health,no,no,not-started,no-final-file-yet,create-new,,
187,wordpress-export-slug,is-ukmla-nephrotic-syndrome,Nephrotic syndrome,187-is-ukmla-nephrotic-syndrome.html,Kidneys and urinary tract,yes,yes,not-started,legacy-source-only,refresh-existing,is-nephrotic-syndrome,
,,is-ukmla-neuroleptic-malignant-syndrome,Neuroleptic malignant syndrome,is-ukmla-neuroleptic-malignant-syndrome.html,Drugs and drug effects,no,no,not-started,no-final-file-yet,create-new,,
,,is-ukmla-neutropenia-including-neutropenic-sepsis,Neutropenia (including neutropenic sepsis),is-ukmla-neutropenia-including-neutropenic-sepsis.html,Blood and lymph,no,no,not-started,no-final-file-yet,create-new,,
,,is-ukmla-non-accidental-injury,Non-accidental injury,is-ukmla-non-accidental-injury.html,Other knowledge,no,no,not-started,no-final-file-yet,create-new,,
,,is-ukmla-notifiable-diseases,Notifiable diseases,is-ukmla-notifiable-diseases.html,Other knowledge,no,no,not-started,no-final-file-yet,create-new,,
,,is-ukmla-obesity-in-pregnancy,Obesity in pregnancy,is-ukmla-obesity-in-pregnancy.html,Pregnancy and the puerperium,no,no,not-started,no-final-file-yet,create-new,,
135,wordpress-export-slug,is-ukmla-obesity,Obesity,135-is-ukmla-obesity.html,Multi-system diseases,yes,yes,not-started,legacy-source-only,refresh-existing,is-obesity,
,,is-ukmla-obsessive-compulsive-disorder-ocd,Obsessive-compulsive disorder (OCD),is-ukmla-obsessive-compulsive-disorder-ocd.html,Mental health,no,no,not-started,no-final-file-yet,create-new,,
145,wordpress-export-slug,is-ukmla-obstructive-sleep-apnoea,Obstructive sleep apnoea,145-is-ukmla-obstructive-sleep-apnoea.html,"Lungs, pleura and airways",yes,yes,not-started,legacy-source-only,refresh-existing,is-obstructive-sleep-apnoea,
,,is-ukmla-occupational-lung-disease,Occupational lung disease,is-ukmla-occupational-lung-disease.html,"Lungs, pleura and airways",no,no,not-started,no-final-file-yet,create-new,,
102,wordpress-export-slug,is-ukmla-oesophageal-cancer,Oesophageal cancer,102-is-ukmla-oesophageal-cancer.html,Gastrointestinal tract,yes,yes,not-started,legacy-source-only,refresh-existing,is-oesophageal-cancer,
805,wordpress-export-slug,is-ukmla-optic-neuritis,Optic neuritis,805-is-ukmla-optic-neuritis.html,Eye,yes,yes,not-started,legacy-source-only,refresh-existing,is-optic-neuritis,
114,wordpress-export-legacy-slug,is-ukmla-orthostatic-postural-hypotension,Orthostatic/ postural hypotension,114-is-ukmla-orthostatic-postural-hypotension.html,Heart and vasculature,yes,yes,not-started,legacy-source-only,refresh-existing,is-orthostatic-hypotension,
563,wordpress-export-slug,is-ukmla-osteoarthritis,Osteoarthritis,563-is-ukmla-osteoarthritis.html,Musculoskeletal,yes,yes,not-started,legacy-source-only,cluster-resolution-first,is-osteoarthritis,
663,wordpress-export-slug,is-ukmla-osteomalacia,Osteomalacia,663-is-ukmla-osteomalacia.html,Musculoskeletal,yes,yes,not-started,legacy-source-only,refresh-existing,is-osteomalacia,
635,wordpress-export-slug,is-ukmla-osteomyelitis,Osteomyelitis,635-is-ukmla-osteomyelitis.html,Musculoskeletal,yes,yes,not-started,legacy-source-only,refresh-existing,is-osteomyelitis,
,,is-ukmla-osteoporosis-and-fragility-fractures,Osteoporosis and fragility fractures,is-ukmla-osteoporosis-and-fragility-fractures.html,Musculoskeletal,no,no,not-started,no-final-file-yet,create-new,,
209,wordpress-export-slug,is-ukmla-otitis-externa,Otitis externa,209-is-ukmla-otitis-externa.html,"Ear, nose and throat",yes,yes,not-started,legacy-source-only,cluster-resolution-first,is-otitis-externa,
208,wordpress-export-title+slug,is-ukmla-otitis-media,Otitis media,208-is-ukmla-otitis-media.html,"Ear, nose and throat",yes,yes,not-started,legacy-source-only,refresh-existing,is-otitis-media,
433,wordpress-export-slug,is-ukmla-ovarian-cancer,Ovarian cancer,433-is-ukmla-ovarian-cancer.html,Gynaecological tract,yes,yes,not-started,legacy-source-only,refresh-existing,is-ovarian-cancer,
434,wordpress-export-legacy-slug,is-ukmla-ovarian-cysts,Ovarian cysts,434-is-ukmla-ovarian-cysts.html,Gynaecological tract,yes,yes,not-started,legacy-source-only,refresh-existing,is-ovarian-cyst,
606,wordpress-export-slug,is-ukmla-ovarian-torsion,Ovarian torsion,606-is-ukmla-ovarian-torsion.html,Gynaecological tract,yes,yes,not-started,legacy-source-only,refresh-existing,is-ovarian-torsion,
430,wordpress-export-slug,is-ukmla-pancreatic-cancer,Pancreatic cancer,430-is-ukmla-pancreatic-cancer.html,"Liver, pancreas, biliary system",yes,yes,not-started,legacy-source-only,refresh-existing,is-pancreatic-cancer,
,,is-ukmla-pancytopenia,Pancytopenia,is-ukmla-pancytopenia.html,Blood and lymph,no,no,not-started,no-final-file-yet,create-new,,
608,wordpress-export-slug,is-ukmla-panic-disorder,Panic disorder,608-is-ukmla-panic-disorder.html,Mental health,yes,yes,not-started,legacy-source-only,refresh-existing,is-panic-disorder,
,,is-ukmla-papilloedema,Papilloedema,is-ukmla-papilloedema.html,Eye,no,no,not-started,no-final-file-yet,create-new,,
,,is-ukmla-parkinsonism-including-parkinson-disease,Parkinsonism (including Parkinson disease),is-ukmla-parkinsonism-including-parkinson-disease.html,Brain and spinal cord,no,no,not-started,no-final-file-yet,create-new,,
533,wordpress-export-slug,is-ukmla-pelvic-inflammatory-disease,Pelvic inflammatory disease,533-is-ukmla-pelvic-inflammatory-disease.html,Gynaecological tract,yes,yes,not-started,legacy-source-only,refresh-existing,is-pelvic-inflammatory-disease,
,,is-ukmla-penile-cancer,Penile cancer,is-ukmla-penile-cancer.html,Male genitourinary tract,no,no,not-started,no-final-file-yet,create-new,,
91,wordpress-export-legacy-slug,is-ukmla-peptic-ulcer-disease-and-gastritis,Peptic ulcer disease and gastritis,91-is-ukmla-peptic-ulcer-disease-and-gastritis.html,Gastrointestinal tract,yes,yes,not-started,legacy-source-only,refresh-existing,is-peptic-ulcer-disease,
,,is-ukmla-perforated-eardrum,Perforated eardrum,is-ukmla-perforated-eardrum.html,"Ear, nose and throat",no,no,not-started,no-final-file-yet,create-new,,
,,is-ukmla-perianal-abscesses-and-fistulae,Perianal abscesses and fistulae,is-ukmla-perianal-abscesses-and-fistulae.html,Gastrointestinal tract,no,no,not-started,no-final-file-yet,create-new,,
,,is-ukmla-pericardial-disease-including-pericarditis-pericardial-effusion-cardiac-tamponade,"Pericardial disease (including pericarditis, pericardial effusion, cardiac tamponade)",is-ukmla-pericardial-disease-including-pericarditis-pericardial-effusion-cardiac-tamponade.html,Heart and vasculature,no,no,not-started,no-final-file-yet,create-new,,
,,is-ukmla-periorbital-and-orbital-cellulitis,Periorbital and orbital cellulitis,is-ukmla-periorbital-and-orbital-cellulitis.html,Eye,no,no,not-started,no-final-file-yet,create-new,,
,,is-ukmla-peripheral-nerve-injuries-palsies,Peripheral nerve injuries/ palsies,is-ukmla-peripheral-nerve-injuries-palsies.html,Peripheral nervous system and neuromuscular junction,no,no,not-started,no-final-file-yet,create-new,,
358,wordpress-export-slug,is-ukmla-peripheral-neuropathy,Peripheral neuropathy,358-is-ukmla-peripheral-neuropathy.html,Peripheral nervous system and neuromuscular junction,yes,yes,not-started,legacy-source-only,cluster-resolution-first,is-peripheral-neuropathy,
,,is-ukmla-peripheral-vascular-disease,Peripheral vascular disease,is-ukmla-peripheral-vascular-disease.html,Heart and vasculature,no,no,not-started,no-final-file-yet,create-new,,
531,wordpress-export-slug,is-ukmla-peritonitis,Peritonitis,531-is-ukmla-peritonitis.html,Gastrointestinal tract,yes,yes,not-started,legacy-source-only,refresh-existing,is-peritonitis,
,,is-ukmla-personality-disorder,Personality disorder,is-ukmla-personality-disorder.html,Mental health,no,no,not-started,no-final-file-yet,create-new,,
161,wordpress-export-slug,is-ukmla-phaeochromocytoma,Phaeochromocytoma,161-is-ukmla-phaeochromocytoma.html,Endocrine and metabolic,yes,yes,not-started,legacy-source-only,refresh-existing,is-phaeochromocytoma,
,,is-ukmla-pharyngitis-tonsillitis,Pharyngitis/ tonsillitis,is-ukmla-pharyngitis-tonsillitis.html,"Ear, nose and throat",no,no,not-started,no-final-file-yet,create-new,,
,,is-ukmla-phimosis-paraphimosis,Phimosis/ paraphimosis,is-ukmla-phimosis-paraphimosis.html,Male genitourinary tract,no,no,not-started,no-final-file-yet,create-new,,
,,is-ukmla-phobias-including-agoraphobia,Phobias (including agoraphobia),is-ukmla-phobias-including-agoraphobia.html,Mental health,no,no,not-started,no-final-file-yet,create-new,,
,,is-ukmla-pituitary-tumours,Pituitary tumours,is-ukmla-pituitary-tumours.html,Endocrine and metabolic,no,no,not-started,no-final-file-yet,create-new,,
877,wordpress-export-slug,is-ukmla-placenta-praevia,Placenta praevia,877-is-ukmla-placenta-praevia.html,Pregnancy and the puerperium,yes,yes,not-started,legacy-source-only,refresh-existing,is-placenta-praevia,
876,wordpress-export-slug,is-ukmla-placental-abruption,Placental abruption,876-is-ukmla-placental-abruption.html,Pregnancy and the puerperium,yes,yes,not-started,legacy-source-only,refresh-existing,is-placental-abruption,
,,is-ukmla-platelet-disorders-including-thrombocytosis-thrombocytopaenia,"Platelet disorders (including thrombocytosis, thrombocytopaenia)",is-ukmla-platelet-disorders-including-thrombocytosis-thrombocytopaenia.html,Blood and lymph,no,no,not-started,no-final-file-yet,create-new,,
140,wordpress-export-slug,is-ukmla-pleural-effusion,Pleural effusion,140-is-ukmla-pleural-effusion.html,"Lungs, pleura and airways",yes,yes,not-started,legacy-source-only,refresh-existing,is-pleural-effusion,
99,wordpress-export-slug,is-ukmla-pneumonia,Pneumonia,99-is-ukmla-pneumonia.html,"Lungs, pleura and airways",yes,yes,clinician-review-needed,canonical-final-exists,replace-live-now,is-pneumonia,
100,wordpress-export-slug,is-ukmla-pneumothorax,Pneumothorax,100-is-ukmla-pneumothorax.html,"Lungs, pleura and airways",yes,yes,clinician-review-needed,canonical-final-exists,refresh-existing,is-pneumothorax,
159,wordpress-export-slug,is-ukmla-polycystic-kidney-disease,Polycystic kidney disease,159-is-ukmla-polycystic-kidney-disease.html,Kidneys and urinary tract,yes,yes,not-started,legacy-source-only,refresh-existing,is-pckd,
864,wordpress-export-slug,is-ukmla-polycystic-ovary-syndrome-pcos,Polycystic ovary syndrome (PCOS),864-is-ukmla-polycystic-ovary-syndrome-pcos.html,Gynaecological tract,yes,yes,not-started,legacy-source-only,refresh-existing,is-pcos,
547,wordpress-export-slug,is-ukmla-polycythaemia,Polycythaemia,547-is-ukmla-polycythaemia.html,Blood and lymph,yes,yes,not-started,legacy-source-only,refresh-existing,is-polycythaemia,
,,is-ukmla-polyhydramnios-oligohydramnios,Polyhydramnios/ oligohydramnios,is-ukmla-polyhydramnios-oligohydramnios.html,Pregnancy and the puerperium,no,no,not-started,no-final-file-yet,create-new,,
352,wordpress-export-slug,is-ukmla-polymyalgia-rheumatica,Polymyalgia rheumatica,352-is-ukmla-polymyalgia-rheumatica.html,Musculoskeletal,yes,yes,not-started,legacy-source-only,cluster-resolution-first,is-polymyalgia-rheumatica,
,,is-ukmla-polymyositis-and-dermatomyositis,Polymyositis and dermatomyositis,is-ukmla-polymyositis-and-dermatomyositis.html,Musculoskeletal,no,no,not-started,no-final-file-yet,create-new,,
,,is-ukmla-post-traumatic-stress-disorder,Post traumatic stress disorder,is-ukmla-post-traumatic-stress-disorder.html,Mental health,no,no,not-started,no-final-file-yet,create-new,,
,,is-ukmla-postpartum-depression,Postpartum depression,is-ukmla-postpartum-depression.html,Mental health,no,no,not-started,no-final-file-yet,create-new,,
,,is-ukmla-postpartum-haemorrhage,Postpartum haemorrhage,is-ukmla-postpartum-haemorrhage.html,Pregnancy and the puerperium,no,no,not-started,no-final-file-yet,create-new,,
,,is-ukmla-postpartum-psychosis,Postpartum psychosis,is-ukmla-postpartum-psychosis.html,Mental health,no,no,not-started,no-final-file-yet,create-new,,
,,is-ukmla-prediabetes,Prediabetes,is-ukmla-prediabetes.html,Endocrine and metabolic,no,no,not-started,no-final-file-yet,create-new,,
,,is-ukmla-prematurity,Prematurity,is-ukmla-prematurity.html,Child health,no,no,not-started,no-final-file-yet,create-new,,
,,is-ukmla-pressure-sores,Pressure sores,is-ukmla-pressure-sores.html,Skin and soft tissue,no,no,not-started,no-final-file-yet,create-new,,
,,is-ukmla-primary-aldosteronism,Primary aldosteronism,is-ukmla-primary-aldosteronism.html,Endocrine and metabolic,no,no,not-started,no-final-file-yet,create-new,,
,,is-ukmla-primary-headache-disorders-including-migraine-cluster-headache-tension-headache,"Primary headache disorders (including migraine, cluster headache, tension headache)",is-ukmla-primary-headache-disorders-including-migraine-cluster-headache-tension-headache.html,Brain and spinal cord,no,no,not-started,no-final-file-yet,create-new,,
591,wordpress-export-slug,is-ukmla-prostate-cancer,Prostate cancer,591-is-ukmla-prostate-cancer.html,Male genitourinary tract,yes,yes,not-started,legacy-source-only,cluster-resolution-first,is-prostate-cancer,
,,is-ukmla-prostatitis-epididymitis-and-orchitis,"Prostatitis, epididymitis and orchitis",is-ukmla-prostatitis-epididymitis-and-orchitis.html,Male genitourinary tract,no,no,not-started,no-final-file-yet,create-new,,
,,is-ukmla-psoriasis,Psoriasis,is-ukmla-psoriasis.html,Skin and soft tissue,no,no,not-started,no-final-file-yet,create-new,,
,,is-ukmla-psychotic-disorder,Psychotic disorder,is-ukmla-psychotic-disorder.html,Mental health,no,no,not-started,no-final-file-yet,create-new,,
1320,pilot-manifest,is-ukmla-pulmonary-embolism,Pulmonary embolism,1320-is-ukmla-pulmonary-embolism.html,Heart and vasculature,pending-transfer,yes,clinician-review-needed,canonical-final-exists,replace-live-now,,
147,wordpress-export-slug,is-ukmla-pulmonary-hypertension,Pulmonary hypertension,147-is-ukmla-pulmonary-hypertension.html,Heart and vasculature,yes,yes,not-started,legacy-source-only,refresh-existing,is-pulmonary-hypertension,
534,wordpress-export-slug,is-ukmla-pyelonephritis,Pyelonephritis,534-is-ukmla-pyelonephritis.html,Kidneys and urinary tract,yes,yes,not-started,legacy-source-only,refresh-existing,is-pyelonephritis,
,,is-ukmla-pyrexia-of-unknown-origin,Pyrexia of unknown origin,is-ukmla-pyrexia-of-unknown-origin.html,Infections,no,no,not-started,no-final-file-yet,create-new,,
,,is-ukmla-quinsy-peritonsillar-abscess,Quinsy/ peritonsillar abscess,is-ukmla-quinsy-peritonsillar-abscess.html,"Ear, nose and throat",no,no,not-started,no-final-file-yet,create-new,,
,,is-ukmla-radiculopathies,Radiculopathies,is-ukmla-radiculopathies.html,Peripheral nervous system and neuromuscular junction,no,no,not-started,no-final-file-yet,create-new,,
239,wordpress-export-slug,is-ukmla-raised-intracranial-pressure,Raised intracranial pressure,239-is-ukmla-raised-intracranial-pressure.html,Brain and spinal cord,yes,yes,not-started,legacy-source-only,refresh-existing,is-raised-intracranial-pressure,
,,is-ukmla-raynaud-phenomenon,Raynaud phenomenon,is-ukmla-raynaud-phenomenon.html,Musculoskeletal,no,no,not-started,no-final-file-yet,create-new,,
,,is-ukmla-rectal-prolapse,Rectal prolapse,is-ukmla-rectal-prolapse.html,Gastrointestinal tract,no,no,not-started,no-final-file-yet,create-new,,
,,is-ukmla-refeeding-syndrome,Refeeding syndrome,is-ukmla-refeeding-syndrome.html,Endocrine and metabolic,no,no,not-started,no-final-file-yet,create-new,,
,,is-ukmla-renal-cancer,Renal cancer,is-ukmla-renal-cancer.html,Kidneys and urinary tract,no,no,not-started,no-final-file-yet,create-new,,
,,is-ukmla-respiratory-arrest,Respiratory arrest,is-ukmla-respiratory-arrest.html,"Lungs, pleura and airways",no,no,not-started,no-final-file-yet,create-new,,
403,wordpress-export-slug,is-ukmla-respiratory-failure,Respiratory failure,403-is-ukmla-respiratory-failure.html,"Lungs, pleura and airways",yes,yes,not-started,legacy-source-only,refresh-existing,is-respiratory-failure,
798,wordpress-export-slug,is-ukmla-retinal-detachment,Retinal detachment,798-is-ukmla-retinal-detachment.html,Eye,yes,yes,not-started,legacy-source-only,refresh-existing,is-retinal-detachment,
351,wordpress-export-slug,is-ukmla-rhabdomyolysis,Rhabdomyolysis,351-is-ukmla-rhabdomyolysis.html,Kidneys and urinary tract,yes,yes,not-started,legacy-source-only,cluster-resolution-first,is-rhabdomyolysis,
576,wordpress-export-slug,is-ukmla-rheumatoid-arthritis,Rheumatoid arthritis,576-is-ukmla-rheumatoid-arthritis.html,Musculoskeletal,yes,yes,not-started,legacy-source-only,refresh-existing,is-rheumatoid-arthritis,
66,wordpress-export-legacy-slug,is-ukmla-rhinosinusitis,Rhinosinusitis,66-is-ukmla-rhinosinusitis.html,"Ear, nose and throat",yes,yes,not-started,legacy-source-only,refresh-existing,is-rhinosinusitis,
,,is-ukmla-right-heart-valve-disease,Right heart valve disease,is-ukmla-right-heart-valve-disease.html,Heart and vasculature,no,no,not-started,no-final-file-yet,create-new,,
,,is-ukmla-rosacea,Rosacea,is-ukmla-rosacea.html,Skin and soft tissue,no,no,not-started,no-final-file-yet,create-new,,
571,wordpress-export-slug,is-ukmla-rubella,Rubella,571-is-ukmla-rubella.html,Infections,yes,yes,not-started,legacy-source-only,refresh-existing,is-rubella,
148,wordpress-export-slug,is-ukmla-sarcoidosis,Sarcoidosis,148-is-ukmla-sarcoidosis.html,"Lungs, pleura and airways",yes,yes,not-started,legacy-source-only,cluster-resolution-first,is-sarcoidosis,
,,is-ukmla-sarcopenia-frailty,Sarcopenia/ frailty,is-ukmla-sarcopenia-frailty.html,Multi-system diseases,no,no,not-started,no-final-file-yet,create-new,,
542,wordpress-export-slug,is-ukmla-scabies,Scabies,542-is-ukmla-scabies.html,Skin and soft tissue,yes,yes,not-started,legacy-source-only,refresh-existing,is-scabies,
,,is-ukmla-scarlet-fever,Scarlet fever,is-ukmla-scarlet-fever.html,Child health,no,no,not-started,no-final-file-yet,create-new,,
,,is-ukmla-schizoaffective-disorder,Schizoaffective disorder,is-ukmla-schizoaffective-disorder.html,Mental health,no,no,not-started,no-final-file-yet,create-new,,
611,wordpress-export-legacy-slug,is-ukmla-schizophrenia,Schizophrenia,611-is-ukmla-schizophrenia.html,Mental health,yes,yes,not-started,legacy-source-only,refresh-existing,is-psychosis-and-schizophrenia,
356,wordpress-export-legacy-slug,is-ukmla-scleroderma-and-mixed-connective-tissue-disease,Scleroderma and mixed connective tissue disease,356-is-ukmla-scleroderma-and-mixed-connective-tissue-disease.html,Musculoskeletal,yes,yes,not-started,legacy-source-only,refresh-existing,is-connective-tissue-diseases,
,,is-ukmla-self-harm,Self-harm,is-ukmla-self-harm.html,Mental health,no,no,not-started,no-final-file-yet,create-new,,
656,wordpress-export-slug,is-ukmla-septic-arthritis,Septic arthritis,656-is-ukmla-septic-arthritis.html,Musculoskeletal,yes,yes,not-started,legacy-source-only,refresh-existing,is-septic-arthritis,
,,is-ukmla-seronegative-spondyloarthropathies-including-ankylosing-spondylitis-reactive-arthritis-enteropathic-arthritis-psoriatic-arthritis,"Seronegative spondyloarthropathies (including ankylosing spondylitis, reactive arthritis, enteropathic arthritis, psoriatic arthritis)",is-ukmla-seronegative-spondyloarthropathies-including-ankylosing-spondylitis-reactive-arthritis-enteropathic-arthritis-psoriatic-arthritis.html,Musculoskeletal,no,no,not-started,no-final-file-yet,create-new,,
327,wordpress-export-slug,is-ukmla-serotonin-syndrome,Serotonin syndrome,327-is-ukmla-serotonin-syndrome.html,Drugs and drug effects,yes,yes,not-started,legacy-source-only,refresh-existing,is-serotonin-syndrome,
164,wordpress-export-legacy-slug,is-ukmla-shock,Shock,164-is-ukmla-shock.html,Heart and vasculature,yes,yes,not-started,legacy-source-only,refresh-existing,is-hypovolaemic-shock,
439,wordpress-export-slug,is-ukmla-sickle-cell-disease,Sickle cell disease,439-is-ukmla-sickle-cell-disease.html,Blood and lymph,yes,yes,not-started,legacy-source-only,refresh-existing,is-sickle-cell-disease,
496,wordpress-export-legacy-slug,is-ukmla-sjogren-syndrome,Sjogren syndrome,496-is-ukmla-sjogren-syndrome.html,Musculoskeletal,yes,yes,not-started,legacy-source-only,refresh-existing,is-sjogrens-syndrome,
,,is-ukmla-skin-manifestations-of-systemic-disease-including-acanthosis-nigricans-livedo-reticularis-and-petechiae-purpura,"Skin manifestations of systemic disease (including acanthosis nigricans, livedo reticularis and petechiae/ purpura)",is-ukmla-skin-manifestations-of-systemic-disease-including-acanthosis-nigricans-livedo-reticularis-and-petechiae-purpura.html,Skin and soft tissue,no,no,not-started,no-final-file-yet,create-new,,
,,is-ukmla-skin-ulcers-including-arterial-venous-and-neuropathic-ulcers,"Skin ulcers (including arterial, venous and neuropathic ulcers)",is-ukmla-skin-ulcers-including-arterial-venous-and-neuropathic-ulcers.html,Skin and soft tissue,no,no,not-started,no-final-file-yet,create-new,,
711,wordpress-export-slug,is-ukmla-soft-tissue-injury,Soft tissue injury,711-is-ukmla-soft-tissue-injury.html,Musculoskeletal,yes,yes,not-started,legacy-source-only,refresh-existing,is-soft-tissue-injury,
,,is-ukmla-somatic-symptom-disorder,Somatic symptom disorder,is-ukmla-somatic-symptom-disorder.html,Mental health,no,no,not-started,no-final-file-yet,create-new,,
103,wordpress-export-slug,is-ukmla-spinal-cord-compression,Spinal cord compression,103-is-ukmla-spinal-cord-compression.html,Brain and spinal cord,yes,yes,not-started,legacy-source-only,cluster-resolution-first,is-spinal-cord-compression,
,,is-ukmla-spinal-cord-injury,Spinal cord injury,is-ukmla-spinal-cord-injury.html,Brain and spinal cord,no,no,not-started,no-final-file-yet,create-new,,
,,is-ukmla-status-epilepticus,Status epilepticus,is-ukmla-status-epilepticus.html,Brain and spinal cord,no,no,not-started,no-final-file-yet,create-new,,
,,is-ukmla-stevens-johnson-syndrome-toxic-epidermal-necrolysis-ten,Stevens-Johnson Syndrome/ toxic epidermal necrolysis (TEN),is-ukmla-stevens-johnson-syndrome-toxic-epidermal-necrolysis-ten.html,Skin and soft tissue,no,no,not-started,no-final-file-yet,create-new,,
,,is-ukmla-stroke,Stroke,is-ukmla-stroke.html,Brain and spinal cord,no,no,not-started,no-final-file-yet,create-new,,
240,wordpress-export-slug,is-ukmla-subarachnoid-haemorrhage,Subarachnoid haemorrhage,240-is-ukmla-subarachnoid-haemorrhage.html,Brain and spinal cord,yes,yes,not-started,legacy-source-only,refresh-existing,is-subarachnoid-haemorrhage,
811,wordpress-export-slug,is-ukmla-subconjunctival-haemorrhage,Subconjunctival haemorrhage,811-is-ukmla-subconjunctival-haemorrhage.html,Eye,yes,yes,not-started,legacy-source-only,refresh-existing,is-subconjunctival-haemorrhage,
,,is-ukmla-subdural-haemorrhage,Subdural haemorrhage,is-ukmla-subdural-haemorrhage.html,Brain and spinal cord,no,no,not-started,no-final-file-yet,create-new,,
,,is-ukmla-substance-use-disorder,Substance use disorder,is-ukmla-substance-use-disorder.html,Mental health,no,no,not-started,no-final-file-yet,create-new,,
,,is-ukmla-superior-vena-cava-obstruction,Superior vena cava obstruction,is-ukmla-superior-vena-cava-obstruction.html,Heart and vasculature,no,no,not-started,no-final-file-yet,create-new,,
,,is-ukmla-surgical-site-infection,Surgical site infection,is-ukmla-surgical-site-infection.html,Infections,no,no,not-started,no-final-file-yet,create-new,,
113,wordpress-export-legacy-slug,is-ukmla-syncope-including-vasovagal-cardiac,"Syncope (including vasovagal, cardiac)",113-is-ukmla-syncope-including-vasovagal-cardiac.html,Heart and vasculature,yes,yes,not-started,legacy-source-only,refresh-existing,is-vasovagal-syncope,
,,is-ukmla-syndrome-of-inappropriate-antidiuretic-hormone-secretion-siadh,Syndrome of inappropriate antidiuretic hormone secretion (SIADH),is-ukmla-syndrome-of-inappropriate-antidiuretic-hormone-secretion-siadh.html,Endocrine and metabolic,no,no,not-started,no-final-file-yet,create-new,,
,,is-ukmla-syphilis,Syphilis,is-ukmla-syphilis.html,Infections,no,no,not-started,no-final-file-yet,create-new,,
574,wordpress-export-slug,is-ukmla-systemic-lupus-erythematosus,Systemic lupus erythematosus,574-is-ukmla-systemic-lupus-erythematosus.html,Musculoskeletal,yes,yes,not-started,legacy-source-only,refresh-existing,is-systemic-lupus-erythematosus,
,,is-ukmla-tachyarrhythmias-including-atrial-fibrillation-atrial-flutter-supraventricular-tachycardia-torsades-de-pointes-ventricular-tachycardia-ventricular-fibrillation,"Tachyarrhythmias (including atrial fibrillation, atrial flutter, supraventricular tachycardia, torsades de pointes, ventricular tachycardia, ventricular fibrillation)",is-ukmla-tachyarrhythmias-including-atrial-fibrillation-atrial-flutter-supraventricular-tachycardia-torsades-de-pointes-ventricular-tachycardia-ventricular-fibrillation.html,Heart and vasculature,no,no,not-started,no-final-file-yet,create-new,,
,,is-ukmla-termination-of-pregnancy,Termination of pregnancy,is-ukmla-termination-of-pregnancy.html,Gynaecological tract,no,no,not-started,no-final-file-yet,create-new,,
,,is-ukmla-testicular-cancer,Testicular cancer,is-ukmla-testicular-cancer.html,Male genitourinary tract,no,no,not-started,no-final-file-yet,create-new,,
537,wordpress-export-slug,is-ukmla-testicular-torsion,Testicular torsion,537-is-ukmla-testicular-torsion.html,Male genitourinary tract,yes,yes,not-started,legacy-source-only,refresh-existing,is-testicular-torsion,
,,is-ukmla-tetanus,Tetanus,is-ukmla-tetanus.html,Infections,no,no,not-started,no-final-file-yet,create-new,,
216,wordpress-export-slug,is-ukmla-thyroid-cancer,Thyroid cancer,216-is-ukmla-thyroid-cancer.html,"Ear, nose and throat",yes,yes,not-started,legacy-source-only,refresh-existing,is-thyroid-cancer,
,,is-ukmla-thyroid-nodules,Thyroid nodules,is-ukmla-thyroid-nodules.html,"Ear, nose and throat",no,no,not-started,no-final-file-yet,create-new,,
,,is-ukmla-toxic-megacolon,Toxic megacolon,is-ukmla-toxic-megacolon.html,Gastrointestinal tract,no,no,not-started,no-final-file-yet,create-new,,
,,is-ukmla-toxic-shock-syndrome,Toxic shock syndrome,is-ukmla-toxic-shock-syndrome.html,Infections,no,no,not-started,no-final-file-yet,create-new,,
,,is-ukmla-toxoplasmosis,Toxoplasmosis,is-ukmla-toxoplasmosis.html,Infections,no,no,not-started,no-final-file-yet,create-new,,
,,is-ukmla-transfusion-reactions,Transfusion reactions,is-ukmla-transfusion-reactions.html,Blood and lymph,no,no,not-started,no-final-file-yet,create-new,,
800,wordpress-export-legacy-slug,is-ukmla-transient-ischaemic-attacks-tia,Transient ischaemic attacks (TIA),800-is-ukmla-transient-ischaemic-attacks-tia.html,Brain and spinal cord,yes,yes,not-started,legacy-source-only,refresh-existing,is-transient-ischaemic-attack,
,,is-ukmla-transplantation-including-graft-rejection-and-immunosuppression,Transplantation (including graft rejection and immunosuppression),is-ukmla-transplantation-including-graft-rejection-and-immunosuppression.html,Multi-system diseases,no,no,not-started,no-final-file-yet,create-new,,
,,is-ukmla-trichomonas-vaginalis,Trichomonas vaginalis,is-ukmla-trichomonas-vaginalis.html,Infections,no,no,not-started,no-final-file-yet,create-new,,
214,wordpress-export-slug,is-ukmla-trigeminal-neuralgia,Trigeminal neuralgia,214-is-ukmla-trigeminal-neuralgia.html,Peripheral nervous system and neuromuscular junction,yes,yes,not-started,legacy-source-only,refresh-existing,is-trigeminal-neuralgia,
141,wordpress-export-title+slug,is-ukmla-tuberculosis,Tuberculosis,141-is-ukmla-tuberculosis.html,Infections,yes,yes,not-started,legacy-source-only,cluster-resolution-first,is-tuberculosis,
,,is-ukmla-turner-syndrome,Turner syndrome,is-ukmla-turner-syndrome.html,Genetic and congenital,no,no,not-started,no-final-file-yet,create-new,,
,,is-ukmla-typhoid,Typhoid,is-ukmla-typhoid.html,Infections,no,no,not-started,no-final-file-yet,create-new,,
61,wordpress-export-legacy-slug,is-ukmla-upper-respiratory-tract-infection,Upper respiratory tract infection,61-is-ukmla-upper-respiratory-tract-infection.html,"Ear, nose and throat",yes,yes,not-started,legacy-source-only,refresh-existing,is-urti,
,,is-ukmla-urinary-incontinence,Urinary incontinence,is-ukmla-urinary-incontinence.html,Kidneys and urinary tract,no,no,not-started,no-final-file-yet,create-new,,
325,wordpress-export-legacy-slug,is-ukmla-urinary-retention-obstructive-uropathy,Urinary retention/ obstructive uropathy,325-is-ukmla-urinary-retention-obstructive-uropathy.html,Kidneys and urinary tract,yes,yes,not-started,legacy-source-only,refresh-existing,is-acute-urinary-retention,
,,is-ukmla-urinary-tract-calculi,Urinary tract calculi,is-ukmla-urinary-tract-calculi.html,Kidneys and urinary tract,no,no,not-started,no-final-file-yet,create-new,,
315,wordpress-export-slug,is-ukmla-urinary-tract-infection,Urinary tract infection,315-is-ukmla-urinary-tract-infection.html,Kidneys and urinary tract,yes,yes,not-started,legacy-source-only,cluster-resolution-first,is-uti,
543,wordpress-export-slug,is-ukmla-urticaria,Urticaria,543-is-ukmla-urticaria.html,Skin and soft tissue,yes,yes,not-started,legacy-source-only,refresh-existing,is-urticaria,
,,is-ukmla-vaginal-prolapse,Vaginal prolapse,is-ukmla-vaginal-prolapse.html,Gynaecological tract,no,no,not-started,no-final-file-yet,create-new,,
508,wordpress-export-legacy-slug,is-ukmla-variceal-disease-including-oesophageal-varices,Variceal disease (including oesophageal varices),508-is-ukmla-variceal-disease-including-oesophageal-varices.html,Gastrointestinal tract,yes,yes,not-started,legacy-source-only,refresh-existing,is-oesophageal-varices,
,,is-ukmla-varicella-zoster-virus,Varicella zoster virus,is-ukmla-varicella-zoster-virus.html,Infections,no,no,not-started,no-final-file-yet,create-new,,
,,is-ukmla-vasa-praevia,Vasa praevia,is-ukmla-vasa-praevia.html,Pregnancy and the puerperium,no,no,not-started,no-final-file-yet,create-new,,
,,is-ukmla-vasculitis-vasculitides,Vasculitis/ vasculitides,is-ukmla-vasculitis-vasculitides.html,Musculoskeletal,no,no,not-started,no-final-file-yet,create-new,,
,,is-ukmla-venous-insufficiency-including-varicose-veins,Venous insufficiency (including varicose veins),is-ukmla-venous-insufficiency-including-varicose-veins.html,Heart and vasculature,no,no,not-started,legacy-source-only,cluster-resolution-first,,
,,is-ukmla-venous-thromboembolism-vte-in-pregnancy-and-puerperium,Venous thromboembolism (VTE) in pregnancy and puerperium,is-ukmla-venous-thromboembolism-vte-in-pregnancy-and-puerperium.html,Pregnancy and the puerperium,no,no,not-started,no-final-file-yet,create-new,,
123,wordpress-export-legacy-slug,is-ukmla-vestibular-schwannoma-acoustic-neuroma,Vestibular schwannoma (acoustic neuroma),123-is-ukmla-vestibular-schwannoma-acoustic-neuroma.html,Brain and spinal cord,yes,yes,not-started,legacy-source-only,refresh-existing,is-acoustic-neuroma,
,,is-ukmla-viral-exanthema-including-measles-rubella-varicella,"Viral exanthema (including measles, rubella, varicella)",is-ukmla-viral-exanthema-including-measles-rubella-varicella.html,Child health,no,no,not-started,no-final-file-yet,create-new,,
,,is-ukmla-visual-field-defects,Visual field defects,is-ukmla-visual-field-defects.html,Eye,no,no,not-started,no-final-file-yet,create-new,,
365,wordpress-export-legacy-slug,is-ukmla-vitamin-b12-and-or-folate-deficiency,Vitamin B12 and/ or folate deficiency,365-is-ukmla-vitamin-b12-and-or-folate-deficiency.html,Multi-system diseases,yes,yes,not-started,legacy-source-only,refresh-existing,is-vitamin-b12-deficiency,
347,wordpress-export-slug,is-ukmla-vitamin-d-deficiency,Vitamin D deficiency,347-is-ukmla-vitamin-d-deficiency.html,Multi-system diseases,yes,yes,not-started,legacy-source-only,refresh-existing,is-vitamin-d-deficiency,
,,is-ukmla-volvulus,Volvulus,is-ukmla-volvulus.html,Gastrointestinal tract,no,no,not-started,no-final-file-yet,create-new,,
,,is-ukmla-vulval-cancer,Vulval cancer,is-ukmla-vulval-cancer.html,Gynaecological tract,no,no,not-started,no-final-file-yet,create-new,,
,,is-ukmla-wernicke-encephalopathy-wernicke-korsakoff-syndrome,Wernicke encephalopathy/ Wernicke-Korsakoff syndrome,is-ukmla-wernicke-encephalopathy-wernicke-korsakoff-syndrome.html,Brain and spinal cord,no,no,not-started,no-final-file-yet,create-new,,
688,wordpress-export-slug,is-ukmla-whooping-cough,Whooping cough,688-is-ukmla-whooping-cough.html,Child health,yes,yes,not-started,legacy-source-only,refresh-existing,is-whooping-cough,
682,wordpress-export-legacy-slug,is-ukmla-zoonotic-infections-including-lyme-disease,Zoonotic infections (including Lyme disease),682-is-ukmla-zoonotic-infections-including-lyme-disease.html,Infections,yes,yes,not-started,legacy-source-only,refresh-existing,is-lyme-disease,
